sampleName	originalIndex	Cell.Type..Samples	MajorType	JustPyra	GabaDeep	PyramidalDeep	DopaSelect	Neurotransmitter1	ShinyNames	ShinySubtypes	CellType	forContanim	Normalize2.0	Normalize	MainName	Description	Region	RegionToChildren	RegionToParent	Anatomical.Region	Age	AgeExact	Method	RNA.isolation.method	RNA.amplification.and.labeling.method	Platform	Reference	PMID	SharePermit	Notes	MouseStrain	ReporterGene
GSM337817	1	H_lva_cortex:v2_GSM337817,v2_GSM337818,v2_GSM337819	NA	NA	NA	NA	NA	NA	NA	NA	NA	Pyramidal	TRUE	TRUE	NA	Pyramidal Neurons	Cortex	TRUE	TRUE	Layer 5A Cortex	46-80	Adult	TRAP	RNeasy Micro Kit	T7 IVT	GPL1261	Doyle et al., 2008	19013282	TRUE	Astrocyte contamination		
GSM337818	1	H_lva_cortex:v2_GSM337817,v2_GSM337818,v2_GSM337819	NA	NA	NA	NA	NA	NA	NA	NA	NA	Pyramidal	TRUE	TRUE	NA	Pyramidal Neurons	Cortex	TRUE	TRUE	Layer 5A Cortex	46-80	Adult	TRAP	RNeasy Micro Kit	T7 IVT	GPL1261	Doyle et al., 2008	19013282	TRUE	Astrocyte contamination		
GSM337819	1	H_lva_cortex:v2_GSM337817,v2_GSM337818,v2_GSM337819	NA	NA	NA	NA	NA	NA	NA	NA	NA	Pyramidal	TRUE	TRUE	NA	Pyramidal Neurons	Cortex	TRUE	TRUE	Layer 5A Cortex	46-80	Adult	TRAP	RNeasy Micro Kit	T7 IVT	GPL1261	Doyle et al., 2008	19013282	TRUE	Astrocyte contamination		
GSM337821	2	H_lvb_cortex:v2_GSM337821,v2_GSM337822,v2_GSM337823	NA	NA	NA	NA	NA	NA	NA	NA	NA	Pyramidal	TRUE	TRUE	NA	Pyramidal Neurons	Cortex	TRUE	TRUE	Layer 5B Cortex	46-80	Adult	TRAP	RNeasy Micro Kit	T7 IVT	GPL1261	Doyle et al., 2008	19013282	TRUE	Astrocyte contamination		
GSM337822	2	H_lvb_cortex:v2_GSM337821,v2_GSM337822,v2_GSM337823	NA	NA	NA	NA	NA	NA	NA	NA	NA	Pyramidal	TRUE	TRUE	NA	Pyramidal Neurons	Cortex	TRUE	TRUE	Layer 5B Cortex	46-80	Adult	TRAP	RNeasy Micro Kit	T7 IVT	GPL1261	Doyle et al., 2008	19013282	TRUE	Astrocyte contamination		
GSM337823	2	H_lvb_cortex:v2_GSM337821,v2_GSM337822,v2_GSM337823	NA	NA	NA	NA	NA	NA	NA	NA	NA	Pyramidal	TRUE	TRUE	NA	Pyramidal Neurons	Cortex	TRUE	TRUE	Layer 5B Cortex	46-80	Adult	TRAP	RNeasy Micro Kit	T7 IVT	GPL1261	Doyle et al., 2008	19013282	TRUE	Astrocyte contamination		
GSM337837	3	H_l6_cortex:v2_GSM337837,v2_GSM337838,v2_GSM337839	NA	NA	NA	NA	NA	NA	NA	NA	NA	Pyramidal	TRUE	TRUE	NA	Pyramidal Neurons	Cortex	TRUE	TRUE	Layer 6 Cortex	46-80	Adult	TRAP	RNeasy Micro Kit	T7 IVT	GPL1261	Doyle et al., 2008	19013282	TRUE	Astrocyte contamination		
GSM337838	3	H_l6_cortex:v2_GSM337837,v2_GSM337838,v2_GSM337839	NA	NA	NA	NA	NA	NA	NA	NA	NA	Pyramidal	TRUE	TRUE	NA	Pyramidal Neurons	Cortex	TRUE	TRUE	Layer 6 Cortex	46-80	Adult	TRAP	RNeasy Micro Kit	T7 IVT	GPL1261	Doyle et al., 2008	19013282	TRUE	Astrocyte contamination		
GSM337839	3	H_l6_cortex:v2_GSM337837,v2_GSM337838,v2_GSM337839	NA	NA	NA	NA	NA	NA	NA	NA	NA	Pyramidal	TRUE	TRUE	NA	Pyramidal Neurons	Cortex	TRUE	TRUE	Layer 6 Cortex	46-80	Adult	TRAP	RNeasy Micro Kit	T7 IVT	GPL1261	Doyle et al., 2008	19013282	TRUE	Astrocyte contamination		
GSM337773	4	H_mn_brainstem:v2_GSM337773,v2_GSM337774,v2_GSM337775	Neuron	NA	MidbrainCholinergic	MotorCholin	MotorCholin	Cholinergic	MotorCholin	NA	MotorCholin	MotorCholin	TRUE	TRUE	MotorCholinStem	Motor Neurons, Midbrain Cholinergic Neurons	Brainstem	FALSE	TRUE	Brainstem	46-80	Adult	TRAP	RNeasy Micro Kit	T7 IVT	GPL1261	Doyle et al., 2008	19013282	TRUE	We removed it's midbrain status since original paper included no evidence of midbrain specificity.		
GSM337774	4	H_mn_brainstem:v2_GSM337773,v2_GSM337774,v2_GSM337775	Neuron	NA	MidbrainCholinergic	MotorCholin	MotorCholin	Cholinergic	MotorCholin	NA	MotorCholin	MotorCholin	TRUE	TRUE	MotorCholinStem	Motor Neurons, Midbrain Cholinergic Neurons	Brainstem	FALSE	TRUE	Brainstem	46-80	Adult	TRAP	RNeasy Micro Kit	T7 IVT	GPL1261	Doyle et al., 2008	19013282	TRUE	We removed it's midbrain status since original paper included no evidence of midbrain specificity.		
GSM337775	4	H_mn_brainstem:v2_GSM337773,v2_GSM337774,v2_GSM337775	Neuron	NA	MidbrainCholinergic	MotorCholin	MotorCholin	Cholinergic	MotorCholin	NA	MotorCholin	MotorCholin	TRUE	TRUE	MotorCholinStem	Motor Neurons, Midbrain Cholinergic Neurons	Brainstem	FALSE	TRUE	Brainstem	46-80	Adult	TRAP	RNeasy Micro Kit	T7 IVT	GPL1261	Doyle et al., 2008	19013282	TRUE	We removed it's midbrain status since original paper included no evidence of midbrain specificity.		
GSM337779	5	H_chol_basal_fb:v2_GSM337779,v2_GSM337780,v2_GSM337781	Neuron	NA	Cholin	Cholin	Cholin	Cholinergic	Cholinergic	NA	Cholin	Cholin	TRUE	TRUE	CholinForebrain	Cholinergic Projection Neurons	BasalForebrain	TRUE	TRUE	Basal Forebrain	46-80	Adult	TRAP	RNeasy Micro Kit	T7 IVT	GPL1261	Doyle et al., 2008	19013282	TRUE	NA		
GSM337780	5	H_chol_basal_fb:v2_GSM337779,v2_GSM337780,v2_GSM337781	Neuron	NA	Cholin	Cholin	Cholin	Cholinergic	Cholinergic	NA	Cholin	Cholin	TRUE	TRUE	CholinForebrain	Cholinergic Projection Neurons	BasalForebrain	TRUE	TRUE	Basal Forebrain	46-80	Adult	TRAP	RNeasy Micro Kit	T7 IVT	GPL1261	Doyle et al., 2008	19013282	TRUE	NA		
GSM337781	5	H_chol_basal_fb:v2_GSM337779,v2_GSM337780,v2_GSM337781	Neuron	NA	Cholin	Cholin	Cholin	Cholinergic	Cholinergic	NA	Cholin	Cholin	TRUE	TRUE	CholinForebrain	Cholinergic Projection Neurons	BasalForebrain	TRUE	TRUE	Basal Forebrain	46-80	Adult	TRAP	RNeasy Micro Kit	T7 IVT	GPL1261	Doyle et al., 2008	19013282	TRUE	NA		
GSM337785	6	H_chol_spinal:v2_GSM337785,v2_GSM337786,v2_GSM337787	Neuron	NA	SpinalChordCholinergic	SpinalChordCholinergic	SpinalChordCholinergic	Cholinergic	SpinalChordCholinergic	NA	MotorCholin	MotorCholin	TRUE	TRUE	MotorCholinSpinal	Motor Neurons, Cholinergic Interneurons	SpinalCord	TRUE	TRUE	Spinal Cord	46-80	Adult	TRAP	RNeasy Micro Kit	T7 IVT	GPL1261	Doyle et al., 2008	19013282	TRUE	NA		
GSM337786	6	H_chol_spinal:v2_GSM337785,v2_GSM337786,v2_GSM337787	Neuron	NA	SpinalChordCholinergic	SpinalChordCholinergic	SpinalChordCholinergic	Cholinergic	SpinalChordCholinergic	NA	MotorCholin	MotorCholin	TRUE	TRUE	MotorCholinSpinal	Motor Neurons, Cholinergic Interneurons	SpinalCord	TRUE	TRUE	Spinal Cord	46-80	Adult	TRAP	RNeasy Micro Kit	T7 IVT	GPL1261	Doyle et al., 2008	19013282	TRUE	NA		
GSM337787	6	H_chol_spinal:v2_GSM337785,v2_GSM337786,v2_GSM337787	Neuron	NA	SpinalChordCholinergic	SpinalChordCholinergic	SpinalChordCholinergic	Cholinergic	SpinalChordCholinergic	NA	MotorCholin	MotorCholin	TRUE	TRUE	MotorCholinSpinal	Motor Neurons, Cholinergic Interneurons	SpinalCord	TRUE	TRUE	Spinal Cord	46-80	Adult	TRAP	RNeasy Micro Kit	T7 IVT	GPL1261	Doyle et al., 2008	19013282	TRUE	NA		
GSM337791	7	H_chol_corp_striatum:v2_GSM337791,v2_GSM337792,v2_GSM337793	Neuron	NA	Cholin	Cholin	Cholin	Cholinergic	Cholinergic	NA	Cholin	Cholin	TRUE	TRUE	CholinStr	Cholinergic Neurons	Striatum	TRUE	TRUE	Corpus Striatum	46-80	Adult	TRAP	RNeasy Micro Kit	T7 IVT	GPL1261	Doyle et al., 2008	19013282	TRUE	NA		
GSM337792	7	H_chol_corp_striatum:v2_GSM337791,v2_GSM337792,v2_GSM337793	Neuron	NA	Cholin	Cholin	Cholin	Cholinergic	Cholinergic	NA	Cholin	Cholin	TRUE	TRUE	CholinStr	Cholinergic Neurons	Striatum	TRUE	TRUE	Corpus Striatum	46-80	Adult	TRAP	RNeasy Micro Kit	T7 IVT	GPL1261	Doyle et al., 2008	19013282	TRUE	NA		
GSM337793	7	H_chol_corp_striatum:v2_GSM337791,v2_GSM337792,v2_GSM337793	Neuron	NA	Cholin	Cholin	Cholin	Cholinergic	Cholinergic	NA	Cholin	Cholin	TRUE	TRUE	CholinStr	Cholinergic Neurons	Striatum	TRUE	TRUE	Corpus Striatum	46-80	Adult	TRAP	RNeasy Micro Kit	T7 IVT	GPL1261	Doyle et al., 2008	19013282	TRUE	NA		
GSM337804	8	H_cort+_cortex:v2_GSM337804,v2_GSM337805,v2_GSM337806	Neuron	NA	NA	NA	NA	NA	NA	NA	NA	NA	TRUE	TRUE	Inter	Interneurons	Cortex	TRUE	TRUE	Cortex	46-80	Adult	TRAP	RNeasy Micro Kit	T7 IVT	GPL1261	Doyle et al., 2008	19013282	TRUE	NA		
GSM337805	8	H_cort+_cortex:v2_GSM337804,v2_GSM337805,v2_GSM337806	Neuron	NA	NA	NA	NA	NA	NA	NA	NA	NA	TRUE	TRUE	Inter	Interneurons	Cortex	TRUE	TRUE	Cortex	46-80	Adult	TRAP	RNeasy Micro Kit	T7 IVT	GPL1261	Doyle et al., 2008	19013282	TRUE	NA		
GSM337806	8	H_cort+_cortex:v2_GSM337804,v2_GSM337805,v2_GSM337806	Neuron	NA	NA	NA	NA	NA	NA	NA	NA	NA	TRUE	TRUE	Inter	Interneurons	Cortex	TRUE	TRUE	Cortex	46-80	Adult	TRAP	RNeasy Micro Kit	T7 IVT	GPL1261	Doyle et al., 2008	19013282	TRUE	NA		
GSM337807	9	H_drd1+_msn_striatum:v2_GSM337807,v2_GSM337808,v2_GSM337809	Neuron	NA	Spiny	Spiny	Spiny	Gabaergic	Spiny	NA	Spiny	Spiny	TRUE	TRUE	SpinyDrd1	Drd1+ Medium Spiny Neurons	Striatum	TRUE	TRUE	Striatum	46-80	Adult	TRAP	RNeasy Micro Kit	T7 IVT	GPL1261	Doyle et al., 2008	19013282	TRUE	NA		
GSM337808	9	H_drd1+_msn_striatum:v2_GSM337807,v2_GSM337808,v2_GSM337809	Neuron	NA	Spiny	Spiny	Spiny	Gabaergic	Spiny	NA	Spiny	Spiny	TRUE	TRUE	SpinyDrd1	Drd1+ Medium Spiny Neurons	Striatum	TRUE	TRUE	Striatum	46-80	Adult	TRAP	RNeasy Micro Kit	T7 IVT	GPL1261	Doyle et al., 2008	19013282	TRUE	NA		
GSM337809	9	H_drd1+_msn_striatum:v2_GSM337807,v2_GSM337808,v2_GSM337809	Neuron	NA	Spiny	Spiny	Spiny	Gabaergic	Spiny	NA	Spiny	Spiny	TRUE	TRUE	SpinyDrd1	Drd1+ Medium Spiny Neurons	Striatum	TRUE	TRUE	Striatum	46-80	Adult	TRAP	RNeasy Micro Kit	T7 IVT	GPL1261	Doyle et al., 2008	19013282	TRUE	NA		
GSM337812	10	H_drd2+_msn_striatum:v2_GSM337812,v2_GSM337813,v2_GSM337814	Neuron	NA	Spiny	Spiny	Spiny	Gabaergic	Spiny	NA	Spiny	Spiny	TRUE	TRUE	SpinyDrd2	Drd2+ Medium Spiny Neurons	Striatum	TRUE	TRUE	Striatum	46-80	Adult	TRAP	RNeasy Micro Kit	T7 IVT	GPL1261	Doyle et al., 2008	19013282	TRUE	NA		
GSM337813	10	H_drd2+_msn_striatum:v2_GSM337812,v2_GSM337813,v2_GSM337814	Neuron	NA	Spiny	Spiny	Spiny	Gabaergic	Spiny	NA	Spiny	Spiny	TRUE	TRUE	SpinyDrd2	Drd2+ Medium Spiny Neurons	Striatum	TRUE	TRUE	Striatum	46-80	Adult	TRAP	RNeasy Micro Kit	T7 IVT	GPL1261	Doyle et al., 2008	19013282	TRUE	NA		
GSM337814	10	H_drd2+_msn_striatum:v2_GSM337812,v2_GSM337813,v2_GSM337814	Neuron	NA	Spiny	Spiny	Spiny	Gabaergic	Spiny	NA	Spiny	Spiny	TRUE	TRUE	SpinyDrd2	Drd2+ Medium Spiny Neurons	Striatum	TRUE	TRUE	Striatum	46-80	Adult	TRAP	RNeasy Micro Kit	T7 IVT	GPL1261	Doyle et al., 2008	19013282	TRUE	NA		
GSM337825	11	H_golgi_cerebellum:v2_GSM337825,v2_GSM337826,v2_GSM337827	Neuron	NA	Golgi	Golgi	Golgi	Gabaergic	Golgi	NA	Golgi	Golgi	TRUE	TRUE	Golgi	Golgi Cells	Cerebellum	TRUE	TRUE	Cerebellum	46-80	Adult	TRAP	RNeasy Micro Kit	T7 IVT	GPL1261	Doyle et al., 2008	19013282	TRUE	NA		
GSM337826	11	H_golgi_cerebellum:v2_GSM337825,v2_GSM337826,v2_GSM337827	Neuron	NA	Golgi	Golgi	Golgi	Gabaergic	Golgi	NA	Golgi	Golgi	TRUE	TRUE	Golgi	Golgi Cells	Cerebellum	TRUE	TRUE	Cerebellum	46-80	Adult	TRAP	RNeasy Micro Kit	T7 IVT	GPL1261	Doyle et al., 2008	19013282	TRUE	NA		
GSM337827	11	H_golgi_cerebellum:v2_GSM337825,v2_GSM337826,v2_GSM337827	Neuron	NA	Golgi	Golgi	Golgi	Gabaergic	Golgi	NA	Golgi	Golgi	TRUE	TRUE	Golgi	Golgi Cells	Cerebellum	TRUE	TRUE	Cerebellum	46-80	Adult	TRAP	RNeasy Micro Kit	T7 IVT	GPL1261	Doyle et al., 2008	19013282	TRUE	NA		
GSM337831	12	H_stell_basket_cerebellum:v2_GSM337831,v2_GSM337832,v2_GSM337833	Neuron	NA	Basket	Basket	Basket	Gabaergic	Basket	NA	Basket	Basket	TRUE	TRUE	Basket	Stellate Basket Cells	Cerebellum	TRUE	TRUE	Cerebellum	46-80	Adult	TRAP	RNeasy Micro Kit	T7 IVT	GPL1261	Doyle et al., 2008	19013282	TRUE	NA		
GSM337832	12	H_stell_basket_cerebellum:v2_GSM337831,v2_GSM337832,v2_GSM337833	Neuron	NA	Basket	Basket	Basket	Gabaergic	Basket	NA	Basket	Basket	TRUE	TRUE	Basket	Stellate Basket Cells	Cerebellum	TRUE	TRUE	Cerebellum	46-80	Adult	TRAP	RNeasy Micro Kit	T7 IVT	GPL1261	Doyle et al., 2008	19013282	TRUE	NA		
GSM337833	12	H_stell_basket_cerebellum:v2_GSM337831,v2_GSM337832,v2_GSM337833	Neuron	NA	Basket	Basket	Basket	Gabaergic	Basket	NA	Basket	Basket	TRUE	TRUE	Basket	Stellate Basket Cells	Cerebellum	TRUE	TRUE	Cerebellum	46-80	Adult	TRAP	RNeasy Micro Kit	T7 IVT	GPL1261	Doyle et al., 2008	19013282	TRUE	NA		
GSM337834	13	H_granule_cerebellum:v2_GSM337834,v2_GSM337835,v2_GSM337836	Neuron	NA	CerebGranule	CerebGranule	CerebGranule	Glutamatergic	CerebGranule	NA	CerebGranule	CerebGranule	TRUE	TRUE	GranuleCereb	Granule Cells	Cerebellum	TRUE	TRUE	Cerebellum	46-80	Adult	TRAP	RNeasy Micro Kit	T7 IVT	GPL1261	Doyle et al., 2008	19013282	TRUE	NA		
GSM337835	13	H_granule_cerebellum:v2_GSM337834,v2_GSM337835,v2_GSM337836	Neuron	NA	CerebGranule	CerebGranule	CerebGranule	Glutamatergic	CerebGranule	NA	CerebGranule	CerebGranule	TRUE	TRUE	GranuleCereb	Granule Cells	Cerebellum	TRUE	TRUE	Cerebellum	46-80	Adult	TRAP	RNeasy Micro Kit	T7 IVT	GPL1261	Doyle et al., 2008	19013282	TRUE	NA		
GSM337836	13	H_granule_cerebellum:v2_GSM337834,v2_GSM337835,v2_GSM337836	Neuron	NA	CerebGranule	CerebGranule	CerebGranule	Glutamatergic	CerebGranule	NA	CerebGranule	CerebGranule	TRUE	TRUE	GranuleCereb	Granule Cells	Cerebellum	TRUE	TRUE	Cerebellum	46-80	Adult	TRAP	RNeasy Micro Kit	T7 IVT	GPL1261	Doyle et al., 2008	19013282	TRUE	NA		
GSM337796	14	H_molig_cerebellum:v2_GSM337796,v2_GSM337797,v2_GSM337798	Glia	NA	Oligo	Oligo	Oligo	Oligodendrocyte	Oligodendrocyte	NA	Oligo	Oligo	TRUE	TRUE	OligoMature	Mature Oligodendrocytes	Cerebellum	TRUE	TRUE	Cerebellum	46-80	Adult	TRAP	RNeasy Micro Kit	T7 IVT	GPL1261	Doyle et al., 2008	19013282	TRUE	NA		
GSM337797	14	H_molig_cerebellum:v2_GSM337796,v2_GSM337797,v2_GSM337798	Glia	NA	Oligo	Oligo	Oligo	Oligodendrocyte	Oligodendrocyte	NA	Oligo	Oligo	TRUE	TRUE	OligoMature	Mature Oligodendrocytes	Cerebellum	TRUE	TRUE	Cerebellum	46-80	Adult	TRAP	RNeasy Micro Kit	T7 IVT	GPL1261	Doyle et al., 2008	19013282	TRUE	NA		
GSM337798	14	H_molig_cerebellum:v2_GSM337796,v2_GSM337797,v2_GSM337798	Glia	NA	Oligo	Oligo	Oligo	Oligodendrocyte	Oligodendrocyte	NA	Oligo	Oligo	TRUE	TRUE	OligoMature	Mature Oligodendrocytes	Cerebellum	TRUE	TRUE	Cerebellum	46-80	Adult	TRAP	RNeasy Micro Kit	T7 IVT	GPL1261	Doyle et al., 2008	19013282	TRUE	NA		
GSM337800	15	H_molig_cortex:v2_GSM337800,v2_GSM337801,v2_GSM337802	Glia	NA	Oligo	Oligo	Oligo	Oligodendrocyte	Oligodendrocyte	NA	Oligo	Oligo	TRUE	TRUE	OligoMature	Mature Oligodendrocytes	Cortex,All	TRUE	TRUE	Cortex	46-80	Adult	TRAP	RNeasy Micro Kit	T7 IVT	GPL1261	Doyle et al., 2008	19013282	TRUE	NA		
GSM337801	15	H_molig_cortex:v2_GSM337800,v2_GSM337801,v2_GSM337802	Glia	NA	Oligo	Oligo	Oligo	Oligodendrocyte	Oligodendrocyte	NA	Oligo	Oligo	TRUE	TRUE	OligoMature	Mature Oligodendrocytes	Cortex,All	TRUE	TRUE	Cortex	46-80	Adult	TRAP	RNeasy Micro Kit	T7 IVT	GPL1261	Doyle et al., 2008	19013282	TRUE	NA		
GSM337802	15	H_molig_cortex:v2_GSM337800,v2_GSM337801,v2_GSM337802	Glia	NA	Oligo	Oligo	Oligo	Oligodendrocyte	Oligodendrocyte	NA	Oligo	Oligo	TRUE	TRUE	OligoMature	Mature Oligodendrocytes	Cortex,All	TRUE	TRUE	Cortex	46-80	Adult	TRAP	RNeasy Micro Kit	T7 IVT	GPL1261	Doyle et al., 2008	19013282	TRUE	NA		
GSM337841	16	H_mixed_olig_cerebellum:v2_GSM337841,v2_GSM337842,v2_GSM337843	Glia	NA	Oligo	Oligo	Oligo	Oligodendrocyte	Oligodendrocyte	NA	Oligo	Oligo	TRUE	TRUE	OligMix	Mixed Oligodendrocytes	Cerebellum	TRUE	TRUE	Cerebellum	46-80	Adult	TRAP	RNeasy Micro Kit	T7 IVT	GPL1261	Doyle et al., 2008	19013282	TRUE	NA		
GSM337842	16	H_mixed_olig_cerebellum:v2_GSM337841,v2_GSM337842,v2_GSM337843	Glia	NA	Oligo	Oligo	Oligo	Oligodendrocyte	Oligodendrocyte	NA	Oligo	Oligo	TRUE	TRUE	OligMix	Mixed Oligodendrocytes	Cerebellum	TRUE	TRUE	Cerebellum	46-80	Adult	TRAP	RNeasy Micro Kit	T7 IVT	GPL1261	Doyle et al., 2008	19013282	TRUE	NA		
GSM337843	16	H_mixed_olig_cerebellum:v2_GSM337841,v2_GSM337842,v2_GSM337843	Glia	NA	Oligo	Oligo	Oligo	Oligodendrocyte	Oligodendrocyte	NA	Oligo	Oligo	TRUE	TRUE	OligMix	Mixed Oligodendrocytes	Cerebellum	TRUE	TRUE	Cerebellum	46-80	Adult	TRAP	RNeasy Micro Kit	T7 IVT	GPL1261	Doyle et al., 2008	19013282	TRUE	NA		
GSM337844	17	H_mixed_olig_cortex:v2_GSM337844,v2_GSM337845,v2_GSM337846	Glia	NA	Oligo	Oligo	Oligo	Oligodendrocyte	Oligodendrocyte	NA	Oligo	Oligo	TRUE	TRUE	OligMix	Mixed Oligodendrocytes	Cortex,All	TRUE	TRUE	Cortex	46-80	Adult	TRAP	RNeasy Micro Kit	T7 IVT	GPL1261	Doyle et al., 2008	19013282	TRUE	NA		
GSM337845	17	H_mixed_olig_cortex:v2_GSM337844,v2_GSM337845,v2_GSM337846	Glia	NA	Oligo	Oligo	Oligo	Oligodendrocyte	Oligodendrocyte	NA	Oligo	Oligo	TRUE	TRUE	OligMix	Mixed Oligodendrocytes	Cortex,All	TRUE	TRUE	Cortex	46-80	Adult	TRAP	RNeasy Micro Kit	T7 IVT	GPL1261	Doyle et al., 2008	19013282	TRUE	NA		
GSM337846	17	H_mixed_olig_cortex:v2_GSM337844,v2_GSM337845,v2_GSM337846	Glia	NA	Oligo	Oligo	Oligo	Oligodendrocyte	Oligodendrocyte	NA	Oligo	Oligo	TRUE	TRUE	OligMix	Mixed Oligodendrocytes	Cortex,All	TRUE	TRUE	Cortex	46-80	Adult	TRAP	RNeasy Micro Kit	T7 IVT	GPL1261	Doyle et al., 2008	19013282	TRUE	NA		
GSM337848	18	H_purkinje_cerebellum:v2_GSM337848,v2_GSM337849,v2_GSM337850,v2_GSM337851,v2_GSM337852,v2_GSM337853	Neuron	NA	Purkinje	Purkinje	Purkinje	Gabaergic	Purkinje	NA	Purkinje	Purkinje	TRUE	TRUE	Purkinje	Purkinje Cells	Cerebellum	TRUE	TRUE	Cerebellum	46-80	Adult	TRAP	RNeasy Micro Kit	T7 IVT	GPL1261	Doyle et al., 2008	19013282	TRUE	NA		
GSM337849	18	H_purkinje_cerebellum:v2_GSM337848,v2_GSM337849,v2_GSM337850,v2_GSM337851,v2_GSM337852,v2_GSM337853	Neuron	NA	Purkinje	Purkinje	Purkinje	Gabaergic	Purkinje	NA	Purkinje	Purkinje	TRUE	TRUE	Purkinje	Purkinje Cells	Cerebellum	TRUE	TRUE	Cerebellum	46-80	Adult	TRAP	RNeasy Micro Kit	T7 IVT	GPL1261	Doyle et al., 2008	19013282	TRUE	NA		
GSM337850	18	H_purkinje_cerebellum:v2_GSM337848,v2_GSM337849,v2_GSM337850,v2_GSM337851,v2_GSM337852,v2_GSM337853	Neuron	NA	Purkinje	Purkinje	Purkinje	Gabaergic	Purkinje	NA	Purkinje	Purkinje	TRUE	TRUE	Purkinje	Purkinje Cells	Cerebellum	TRUE	TRUE	Cerebellum	46-80	Adult	TRAP	RNeasy Micro Kit	T7 IVT	GPL1261	Doyle et al., 2008	19013282	TRUE	NA		
GSM337851	18	H_purkinje_cerebellum:v2_GSM337848,v2_GSM337849,v2_GSM337850,v2_GSM337851,v2_GSM337852,v2_GSM337853	Neuron	NA	Purkinje	Purkinje	Purkinje	Gabaergic	Purkinje	NA	Purkinje	Purkinje	TRUE	TRUE	Purkinje	Purkinje Cells	Cerebellum	TRUE	TRUE	Cerebellum	46-80	Adult	TRAP	RNeasy Micro Kit	T7 IVT	GPL1261	Doyle et al., 2008	19013282	TRUE	NA		
GSM337852	18	H_purkinje_cerebellum:v2_GSM337848,v2_GSM337849,v2_GSM337850,v2_GSM337851,v2_GSM337852,v2_GSM337853	Neuron	NA	Purkinje	Purkinje	Purkinje	Gabaergic	Purkinje	NA	Purkinje	Purkinje	TRUE	TRUE	Purkinje	Purkinje Cells	Cerebellum	TRUE	TRUE	Cerebellum	46-80	Adult	TRAP	RNeasy Micro Kit	T7 IVT	GPL1261	Doyle et al., 2008	19013282	TRUE	NA		
GSM337853	18	H_purkinje_cerebellum:v2_GSM337848,v2_GSM337849,v2_GSM337850,v2_GSM337851,v2_GSM337852,v2_GSM337853	Neuron	NA	Purkinje	Purkinje	Purkinje	Gabaergic	Purkinje	NA	Purkinje	Purkinje	TRUE	TRUE	Purkinje	Purkinje Cells	Cerebellum	TRUE	TRUE	Cerebellum	46-80	Adult	TRAP	RNeasy Micro Kit	T7 IVT	GPL1261	Doyle et al., 2008	19013282	TRUE	NA		
GSM337861	19	H_bergmann_cerebellum:v2_GSM337861,v2_GSM337862,v2_GSM337863	Glia	NA	Bergmann	Bergmann	Bergmann	Bergmann	Bergmann	NA	Bergmann	Astrocyte	TRUE	TRUE	Bergmann	Bergman Glia	Cerebellum	TRUE	TRUE	Cerebellum	46-80	Adult	TRAP	RNeasy Micro Kit	T7 IVT	GPL1261	Doyle et al., 2008	19013282	TRUE	NA		
GSM337862	19	H_bergmann_cerebellum:v2_GSM337861,v2_GSM337862,v2_GSM337863	Glia	NA	Bergmann	Bergmann	Bergmann	Bergmann	Bergmann	NA	Bergmann	Astrocyte	TRUE	TRUE	Bergmann	Bergman Glia	Cerebellum	TRUE	TRUE	Cerebellum	46-80	Adult	TRAP	RNeasy Micro Kit	T7 IVT	GPL1261	Doyle et al., 2008	19013282	TRUE	NA		
GSM337863	19	H_bergmann_cerebellum:v2_GSM337861,v2_GSM337862,v2_GSM337863	Glia	NA	Bergmann	Bergmann	Bergmann	Bergmann	Bergmann	NA	Bergmann	Astrocyte	TRUE	TRUE	Bergmann	Bergman Glia	Cerebellum	TRUE	TRUE	Cerebellum	46-80	Adult	TRAP	RNeasy Micro Kit	T7 IVT	GPL1261	Doyle et al., 2008	19013282	TRUE	NA		
GSM241912	20	B_astrosP17:v2_GSM241912,v2_GSM241914,v2_GSM241926	Glia	NA	Astrocyte	Astrocyte	Astrocyte	Astrocyte	Astrocyte	NA	Astrocyte	Astrocyte	TRUE	TRUE	Astrocyte	Astrocytes	Cortex,Cerebrum,Thalamus,Brainstem,SpinalCord	TRUE	TRUE	Cortex	14-35	17	PAN/FACS	RNeasy Micro Kit	T7 IVT	GPL1261	Cahoy et al., 2008	18171944	TRUE	NA		
GSM241914	20	B_astrosP17:v2_GSM241912,v2_GSM241914,v2_GSM241926	Glia	NA	Astrocyte	Astrocyte	Astrocyte	Astrocyte	Astrocyte	NA	Astrocyte	Astrocyte	TRUE	TRUE	Astrocyte	Astrocytes	Cortex,Cerebrum,Thalamus,Brainstem,SpinalCord	TRUE	TRUE	Cortex	14-35	17	PAN/FACS	RNeasy Micro Kit	T7 IVT	GPL1261	Cahoy et al., 2008	18171944	TRUE	NA		
GSM241926	20	B_astrosP17:v2_GSM241912,v2_GSM241914,v2_GSM241926	Glia	NA	Astrocyte	Astrocyte	Astrocyte	Astrocyte	Astrocyte	NA	Astrocyte	Astrocyte	TRUE	TRUE	Astrocyte	Astrocytes	Cortex,Cerebrum,Thalamus,Brainstem,SpinalCord	TRUE	TRUE	Cortex	14-35	17	PAN/FACS	RNeasy Micro Kit	T7 IVT	GPL1261	Cahoy et al., 2008	18171944	TRUE	NA		
GSM241915	21	B_astrosP17g:v2_GSM241915,v2_GSM241925	Glia	NA	Astrocyte	Astrocyte	Astrocyte	Astrocyte	Astrocyte	NA	Astrocyte	Astrocyte	TRUE	TRUE	Astrocyte	Astrocytes	Cortex,Cerebrum,Thalamus,Brainstem,SpinalCord	TRUE	TRUE	Cortex	14-35	17	PAN/FACS	RNeasy Micro Kit	T7 IVT	GPL1261	Cahoy et al., 2008	18171944	TRUE	NA		
GSM241925	21	B_astrosP17g:v2_GSM241915,v2_GSM241925	Glia	NA	Astrocyte	Astrocyte	Astrocyte	Astrocyte	Astrocyte	NA	Astrocyte	Astrocyte	TRUE	TRUE	Astrocyte	Astrocytes	Cortex,Cerebrum,Thalamus,Brainstem,SpinalCord	TRUE	TRUE	Cortex	14-35	17	PAN/FACS	RNeasy Micro Kit	T7 IVT	GPL1261	Cahoy et al., 2008	18171944	TRUE	NA		
GSM241890	22	B_myelinOLs:v2_GSM241890,v2_GSM241893,v2_GSM241894,v2_GSM241918	Glia	NA	Oligo	Oligo	Oligo	Oligodendrocyte	Oligodendrocyte	NA	Oligo	Oligo	TRUE	TRUE	OligoMature	Mature Oligodendrocytes	Cortex,All	TRUE	TRUE	Cortex	14-35	17	PAN	RNeasy Micro Kit	T7 IVT	GPL1261	Cahoy et al., 2008	18171944	TRUE	NA		
GSM241893	22	B_myelinOLs:v2_GSM241890,v2_GSM241893,v2_GSM241894,v2_GSM241918	Glia	NA	Oligo	Oligo	Oligo	Oligodendrocyte	Oligodendrocyte	NA	Oligo	Oligo	TRUE	TRUE	OligoMature	Mature Oligodendrocytes	Cortex,All	TRUE	TRUE	Cortex	14-35	17	PAN	RNeasy Micro Kit	T7 IVT	GPL1261	Cahoy et al., 2008	18171944	TRUE	NA		
GSM241894	22	B_myelinOLs:v2_GSM241890,v2_GSM241893,v2_GSM241894,v2_GSM241918	Glia	NA	Oligo	Oligo	Oligo	Oligodendrocyte	Oligodendrocyte	NA	Oligo	Oligo	TRUE	TRUE	OligoMature	Mature Oligodendrocytes	Cortex,All	TRUE	TRUE	Cortex	14-35	17	PAN	RNeasy Micro Kit	T7 IVT	GPL1261	Cahoy et al., 2008	18171944	TRUE	NA		
GSM241918	22	B_myelinOLs:v2_GSM241890,v2_GSM241893,v2_GSM241894,v2_GSM241918	Glia	NA	Oligo	Oligo	Oligo	Oligodendrocyte	Oligodendrocyte	NA	Oligo	Oligo	TRUE	TRUE	OligoMature	Mature Oligodendrocytes	Cortex,All	TRUE	TRUE	Cortex	14-35	17	PAN	RNeasy Micro Kit	T7 IVT	GPL1261	Cahoy et al., 2008	18171944	TRUE	NA		
GSM37084	23	A_callosal_P3:GSM37084,GSM37085	Neuron	NA	NA	NA	NA	NA	NA	NA	NA	NA	TRUE	TRUE	NA	Pyramidal Neurons, Callosally projecting, P3	Cortex	TRUE	TRUE	Cortex	NA	3	FACS	StrataPrep Total RNA Micro Kit	T7 IVT	GPL339	Arlotta et al., 2005	15664173	TRUE	shreejoy wanted them		
GSM37085	23	A_callosal_P3:GSM37084,GSM37085	Neuron	NA	NA	NA	NA	NA	NA	NA	NA	NA	TRUE	TRUE	NA	Pyramidal Neurons, Callosally projecting, P3	Cortex	TRUE	TRUE	Cortex	NA	3	FACS	StrataPrep Total RNA Micro Kit	T7 IVT	GPL339	Arlotta et al., 2005	15664173	TRUE	shreejoy wanted them		
GSM37086	24	A_callosal_P6:GSM37086,GSM37087	Neuron	NA	NA	NA	NA	NA	NA	NA	NA	NA	TRUE	TRUE	NA	Pyramidal Neurons, Callosally projecting, P6	Cortex	TRUE	TRUE	Cortex	NA	6	FACS	StrataPrep Total RNA Micro Kit	T7 IVT	GPL339	Arlotta et al., 2005	15664173	TRUE	shreejoy wanted them		
GSM37087	24	A_callosal_P6:GSM37086,GSM37087	Neuron	NA	NA	NA	NA	NA	NA	NA	NA	NA	TRUE	TRUE	NA	Pyramidal Neurons, Callosally projecting, P6	Cortex	TRUE	TRUE	Cortex	NA	6	FACS	StrataPrep Total RNA Micro Kit	T7 IVT	GPL339	Arlotta et al., 2005	15664173	TRUE	shreejoy wanted them		
GSM444349	25	S_g42_p7:v2_H52P7,v2_H65P7,v2_H85P7 :GSE17806: GSM444349, GSM444350, GSM444351	Neuron	NA	NA	NA	NA	NA	NA	NA	NA	NA	TRUE	TRUE	NA	GABAergic Interneurons, PV+, P7	Cortex	TRUE	TRUE	Somatosensory Cortex	NA	7	Manual	Pico Pure RNA isolation kit	T7 IVT	GPL1261	Okaty et al., 2009	19474331	TRUE	shreejoy wanted them		
GSM444350	25	S_g42_p7:v2_H52P7,v2_H65P7,v2_H85P7 :GSE17806: GSM444349, GSM444350, GSM444351	Neuron	NA	NA	NA	NA	NA	NA	NA	NA	NA	TRUE	TRUE	NA	GABAergic Interneurons, PV+, P7	Cortex	TRUE	TRUE	Somatosensory Cortex	NA	7	Manual	Pico Pure RNA isolation kit	T7 IVT	GPL1261	Okaty et al., 2009	19474331	TRUE	shreejoy wanted them		
GSM444351	25	S_g42_p7:v2_H52P7,v2_H65P7,v2_H85P7 :GSE17806: GSM444349, GSM444350, GSM444351	Neuron	NA	NA	NA	NA	NA	NA	NA	NA	NA	TRUE	TRUE	NA	GABAergic Interneurons, PV+, P7	Cortex	TRUE	TRUE	Somatosensory Cortex	NA	7	Manual	Pico Pure RNA isolation kit	T7 IVT	GPL1261	Okaty et al., 2009	19474331	TRUE	shreejoy wanted them		
GSM444352	26	S_g42_p10:v2_H47P10,v2_H71P10,v2_H72P10: GSM444352,GSM444353, GSM444354	Neuron	NA	NA	NA	NA	NA	NA	NA	NA	NA	TRUE	TRUE	NA	GABAergic Interneurons, PV+, P10	Cortex	TRUE	TRUE	Somatosensory Cortex	NA	10	Manual	Pico Pure RNA isolation kit	T7 IVT	GPL1261	Okaty et al., 2009	19474331	TRUE	shreejoy wanted them		
GSM444353	26	S_g42_p10:v2_H47P10,v2_H71P10,v2_H72P10: GSM444352,GSM444353, GSM444354	Neuron	NA	NA	NA	NA	NA	NA	NA	NA	NA	TRUE	TRUE	NA	GABAergic Interneurons, PV+, P10	Cortex	TRUE	TRUE	Somatosensory Cortex	NA	10	Manual	Pico Pure RNA isolation kit	T7 IVT	GPL1261	Okaty et al., 2009	19474331	TRUE	shreejoy wanted them		
GSM444354	26	S_g42_p10:v2_H47P10,v2_H71P10,v2_H72P10: GSM444352,GSM444353, GSM444354	Neuron	NA	NA	NA	NA	NA	NA	NA	NA	NA	TRUE	TRUE	NA	GABAergic Interneurons, PV+, P10	Cortex	TRUE	TRUE	Somatosensory Cortex	NA	10	Manual	Pico Pure RNA isolation kit	T7 IVT	GPL1261	Okaty et al., 2009	19474331	TRUE	shreejoy wanted them		
GSM444355	27	S_g42_p15:v2_H34P13,v2_rhwj1,v2_rhwj2: GSM444355, GSM444356, GSM444357	Neuron	NA	GabaPV	GabaPV	GabaPV	Gabaergic	FS Basket (G42)	NA	GabaPV	Gabaergic	TRUE	TRUE	GabaPV	GABAergic Interneurons, PV+, P13-P15	Cortex	TRUE	TRUE	Somatosensory Cortex	14-35	15	Manual	Pico Pure RNA isolation kit	T7 IVT	GPL1261	Okaty et al., 2009	19474331	TRUE	NA	G42	Gad1
GSM444356	27	S_g42_p15:v2_H34P13,v2_rhwj1,v2_rhwj2: GSM444355, GSM444356, GSM444357	Neuron	NA	GabaPV	GabaPV	GabaPV	Gabaergic	FS Basket (G42)	NA	GabaPV	Gabaergic	TRUE	TRUE	GabaPV	GABAergic Interneurons, PV+, P13-P15	Cortex	TRUE	TRUE	Somatosensory Cortex	14-35	15	Manual	Pico Pure RNA isolation kit	T7 IVT	GPL1261	Okaty et al., 2009	19474331	TRUE	NA	G42	Gad1
GSM444357	27	S_g42_p15:v2_H34P13,v2_rhwj1,v2_rhwj2: GSM444355, GSM444356, GSM444357	Neuron	NA	GabaPV	GabaPV	GabaPV	Gabaergic	FS Basket (G42)	NA	GabaPV	Gabaergic	TRUE	TRUE	GabaPV	GABAergic Interneurons, PV+, P13-P15	Cortex	TRUE	TRUE	Somatosensory Cortex	14-35	15	Manual	Pico Pure RNA isolation kit	T7 IVT	GPL1261	Okaty et al., 2009	19474331	TRUE	NA	G42	Gad1
GSM444358	28	S_g42_p25:v2_H48P25,v2_H53P25,v2_H55P25 : GSM444358, GSM444359, GSM444360	Neuron	NA	GabaPV	GabaPV	GabaPV	Gabaergic	FS Basket (G42)	NA	GabaPV	Gabaergic	TRUE	TRUE	GabaPV	GABAergic Interneurons, PV+, P25	Cortex	TRUE	TRUE	Somatosensory Cortex	14-35	25	Manual	Pico Pure RNA isolation kit	T7 IVT	GPL1261	Okaty et al., 2009	19474331	TRUE	NA	G42	Gad1
GSM444359	28	S_g42_p25:v2_H48P25,v2_H53P25,v2_H55P25 : GSM444358, GSM444359, GSM444360	Neuron	NA	GabaPV	GabaPV	GabaPV	Gabaergic	FS Basket (G42)	NA	GabaPV	Gabaergic	TRUE	TRUE	GabaPV	GABAergic Interneurons, PV+, P25	Cortex	TRUE	TRUE	Somatosensory Cortex	14-35	25	Manual	Pico Pure RNA isolation kit	T7 IVT	GPL1261	Okaty et al., 2009	19474331	TRUE	NA	G42	Gad1
GSM444360	28	S_g42_p25:v2_H48P25,v2_H53P25,v2_H55P25 : GSM444358, GSM444359, GSM444360	Neuron	NA	GabaPV	GabaPV	GabaPV	Gabaergic	FS Basket (G42)	NA	GabaPV	Gabaergic	TRUE	TRUE	GabaPV	GABAergic Interneurons, PV+, P25	Cortex	TRUE	TRUE	Somatosensory Cortex	14-35	25	Manual	Pico Pure RNA isolation kit	T7 IVT	GPL1261	Okaty et al., 2009	19474331	TRUE	NA	G42	Gad1
GSM444361	29	S_g42_rwt:v2_rhw38,v2_rhw54,v2_rhw60: GSM444361, GSM444362, GSM444363	Neuron	NA	NA	NA	NA	NA	NA	NA	NA	NA	TRUE	TRUE	GabaPV	GABAergic Interneurons, PV+	Cortex	TRUE	TRUE	Motor Cortex	46-80	45	Manual	Pico Pure RNA isolation kit	T7 IVT	GPL1261	Okaty et al., 2009	19474331	TRUE	Same as Sugino 2014		
GSM444362	29	S_g42_rwt:v2_rhw38,v2_rhw54,v2_rhw60: GSM444361, GSM444362, GSM444363	Neuron	NA	NA	NA	NA	NA	NA	NA	NA	NA	TRUE	TRUE	GabaPV	GABAergic Interneurons, PV+	Cortex	TRUE	TRUE	Motor Cortex	46-80	45	Manual	Pico Pure RNA isolation kit	T7 IVT	GPL1261	Okaty et al., 2009	19474331	TRUE	Same as Sugino 2014		
GSM444363	29	S_g42_rwt:v2_rhw38,v2_rhw54,v2_rhw60: GSM444361, GSM444362, GSM444363	Neuron	NA	NA	NA	NA	NA	NA	NA	NA	NA	TRUE	TRUE	GabaPV	GABAergic Interneurons, PV+	Cortex	TRUE	TRUE	Motor Cortex	46-80	45	Manual	Pico Pure RNA isolation kit	T7 IVT	GPL1261	Okaty et al., 2009	19474331	TRUE	Same as Sugino 2014		
GSM741193	30	GSM741193, GSM741194, GSM741192	Glia	NA	Microglia	Microglia	Microglia	Microglia	Microglia	NA	Microglia	Microglia	TRUE	TRUE	Microglia	Microglia	All	TRUE	TRUE	dunno	46-80	42	FACS	dunno	dunno	GPL1261	Anandasabapathy et al., 2011	21788405	TRUE	NA		
GSM741194	30	GSM741193, GSM741194, GSM741192	Glia	NA	Microglia	Microglia	Microglia	Microglia	Microglia	NA	Microglia	Microglia	TRUE	TRUE	Microglia	Microglia	All	TRUE	TRUE	dunno	46-80	42	FACS	dunno	dunno	GPL1261	Anandasabapathy et al., 2011	21788405	TRUE	NA		
GSM741192	30	GSM741193, GSM741194, GSM741192	Glia	NA	Microglia	Microglia	Microglia	Microglia	Microglia	NA	Microglia	Microglia	TRUE	TRUE	Microglia	Microglia	All	TRUE	TRUE	dunno	46-80	42	FACS	dunno	dunno	GPL1261	Anandasabapathy et al., 2011	21788405	TRUE	NA		
GSM465752	31	GSM465752,GSM465753	Glia	NA	Ependymal	Ependymal	Ependymal	Ependymal	Ependymal	NA	Ependymal	Ependymal	TRUE	TRUE	Ependymal	CD24+ (ependymal cell)	Subependymal	TRUE	TRUE	sub ependymal zone	46-80	56	FACS			GPL1261	Beckervordersandforth et al 2010	21112568	TRUE	NA		
GSM465753	31	GSM465752,GSM465753	Glia	NA	Ependymal	Ependymal	Ependymal	Ependymal	Ependymal	NA	Ependymal	Ependymal	TRUE	TRUE	Ependymal	CD24+ (ependymal cell)	Subependymal	TRUE	TRUE	sub ependymal zone	46-80	56	FACS			GPL1261	Beckervordersandforth et al 2010	21112568	TRUE	NA		
GSM281245	32	CHECK SAMPLES!!! MIGHT BE WRONGLY LABELED GSM281245,GSM281246,GSM281249	Neuron	NA	DentateGranule	DentateGranule	DentateGranule	Glutamatergic	DentateGranule	NA	DentateGranule	DentateGranule	TRUE	TRUE	GranuleDentate	dentate gyrus granule cells	Hippocampus	TRUE	TRUE	hippocampus	46-80	49	LCM			GPL1261	Perrone-Bizzozero NI et al. 2011	22004431	TRUE	NA		
GSM281246	32	CHECK SAMPLES!!! MIGHT BE WRONGLY LABELED GSM281245,GSM281246,GSM281249	Neuron	NA	DentateGranule	DentateGranule	DentateGranule	Glutamatergic	DentateGranule	NA	DentateGranule	DentateGranule	TRUE	TRUE	GranuleDentate	dentate gyrus granule cells	Hippocampus	TRUE	TRUE	hippocampus	46-80	49	LCM			GPL1261	Perrone-Bizzozero NI et al. 2011	22004431	TRUE	NA		
GSM281249	32	CHECK SAMPLES!!! MIGHT BE WRONGLY LABELED GSM281245,GSM281246,GSM281249	Neuron	NA	DentateGranule	DentateGranule	DentateGranule	Glutamatergic	DentateGranule	NA	DentateGranule	DentateGranule	TRUE	TRUE	GranuleDentate	dentate gyrus granule cells	Hippocampus	TRUE	TRUE	hippocampus	46-80	49	LCM			GPL1261	Perrone-Bizzozero NI et al. 2011	22004431	TRUE	NA		
GSM1321391	33	GSM1321391,GSM1321398,GSM1321395	Neuron	NA	Spiny	Spiny	Spiny	Gabaergic	Spiny	NA	Spiny	Spiny	TRUE	TRUE	SpinyDrd1	Drd1+ Medium Spiny Neurons	Striatum	TRUE	TRUE	Striatum	81-210	210	TRAP			GPL1261	Maze et al 2014	24584053	TRUE	NA		
GSM1321398	33	GSM1321391,GSM1321398,GSM1321395	Neuron	NA	Spiny	Spiny	Spiny	Gabaergic	Spiny	NA	Spiny	Spiny	TRUE	TRUE	SpinyDrd1	Drd1+ Medium Spiny Neurons	Striatum	TRUE	TRUE	Striatum	81-210	210	TRAP			GPL1261	Maze et al 2014	24584053	TRUE	NA		
GSM1321395	33	GSM1321391,GSM1321398,GSM1321395	Neuron	NA	Spiny	Spiny	Spiny	Gabaergic	Spiny	NA	Spiny	Spiny	TRUE	TRUE	SpinyDrd1	Drd1+ Medium Spiny Neurons	Striatum	TRUE	TRUE	Striatum	81-210	210	TRAP			GPL1261	Maze et al 2014	24584053	TRUE	NA		
GSM1329516	34	GSM1329516,GSM1329517,GSM1329521,GSM1329522,GSM1329523,GSM1329524,GSM1329527,GSM1329528,GSM1329529,GSM1329530	Neuron	NA	Spiny	Spiny	Spiny	Gabaergic	Spiny	NA	Spiny	Spiny	TRUE	TRUE	SpinyDrd1	Drd1a+ Medium Spiny Neurons	Striatum	TRUE	TRUE	Striatum	46-80	80	TRAP			GPL1261	Heiman et al 2014	24599591	TRUE	NA		
GSM1329517	34	GSM1329516,GSM1329517,GSM1329521,GSM1329522,GSM1329523,GSM1329524,GSM1329527,GSM1329528,GSM1329529,GSM1329530	Neuron	NA	Spiny	Spiny	Spiny	Gabaergic	Spiny	NA	Spiny	Spiny	TRUE	TRUE	SpinyDrd1	Drd1a+ Medium Spiny Neurons	Striatum	TRUE	TRUE	Striatum	46-80	80	TRAP			GPL1261	Heiman et al 2014	24599591	TRUE	NA		
GSM1329521	34	GSM1329516,GSM1329517,GSM1329521,GSM1329522,GSM1329523,GSM1329524,GSM1329527,GSM1329528,GSM1329529,GSM1329530	Neuron	NA	Spiny	Spiny	Spiny	Gabaergic	Spiny	NA	Spiny	Spiny	TRUE	TRUE	SpinyDrd1	Drd1a+ Medium Spiny Neurons	Striatum	TRUE	TRUE	Striatum	46-80	80	TRAP			GPL1261	Heiman et al 2014	24599591	TRUE	NA		
GSM1329522	34	GSM1329516,GSM1329517,GSM1329521,GSM1329522,GSM1329523,GSM1329524,GSM1329527,GSM1329528,GSM1329529,GSM1329530	Neuron	NA	Spiny	Spiny	Spiny	Gabaergic	Spiny	NA	Spiny	Spiny	TRUE	TRUE	SpinyDrd1	Drd1a+ Medium Spiny Neurons	Striatum	TRUE	TRUE	Striatum	46-80	80	TRAP			GPL1261	Heiman et al 2014	24599591	TRUE	NA		
GSM1329523	34	GSM1329516,GSM1329517,GSM1329521,GSM1329522,GSM1329523,GSM1329524,GSM1329527,GSM1329528,GSM1329529,GSM1329530	Neuron	NA	Spiny	Spiny	Spiny	Gabaergic	Spiny	NA	Spiny	Spiny	TRUE	TRUE	SpinyDrd1	Drd1a+ Medium Spiny Neurons	Striatum	TRUE	TRUE	Striatum	46-80	80	TRAP			GPL1261	Heiman et al 2014	24599591	TRUE	NA		
GSM1329524	34	GSM1329516,GSM1329517,GSM1329521,GSM1329522,GSM1329523,GSM1329524,GSM1329527,GSM1329528,GSM1329529,GSM1329530	Neuron	NA	Spiny	Spiny	Spiny	Gabaergic	Spiny	NA	Spiny	Spiny	TRUE	TRUE	SpinyDrd1	Drd1a+ Medium Spiny Neurons	Striatum	TRUE	TRUE	Striatum	46-80	80	TRAP			GPL1261	Heiman et al 2014	24599591	TRUE	NA		
GSM1329527	34	GSM1329516,GSM1329517,GSM1329521,GSM1329522,GSM1329523,GSM1329524,GSM1329527,GSM1329528,GSM1329529,GSM1329530	Neuron	NA	Spiny	Spiny	Spiny	Gabaergic	Spiny	NA	Spiny	Spiny	TRUE	TRUE	SpinyDrd1	Drd1a+ Medium Spiny Neurons	Striatum	TRUE	TRUE	Striatum	46-80	80	TRAP			GPL1261	Heiman et al 2014	24599591	TRUE	NA		
GSM1329528	34	GSM1329516,GSM1329517,GSM1329521,GSM1329522,GSM1329523,GSM1329524,GSM1329527,GSM1329528,GSM1329529,GSM1329530	Neuron	NA	Spiny	Spiny	Spiny	Gabaergic	Spiny	NA	Spiny	Spiny	TRUE	TRUE	SpinyDrd1	Drd1a+ Medium Spiny Neurons	Striatum	TRUE	TRUE	Striatum	46-80	80	TRAP			GPL1261	Heiman et al 2014	24599591	TRUE	NA		
GSM1329529	34	GSM1329516,GSM1329517,GSM1329521,GSM1329522,GSM1329523,GSM1329524,GSM1329527,GSM1329528,GSM1329529,GSM1329530	Neuron	NA	Spiny	Spiny	Spiny	Gabaergic	Spiny	NA	Spiny	Spiny	TRUE	TRUE	SpinyDrd1	Drd1a+ Medium Spiny Neurons	Striatum	TRUE	TRUE	Striatum	46-80	80	TRAP			GPL1261	Heiman et al 2014	24599591	TRUE	NA		
GSM1329530	34	GSM1329516,GSM1329517,GSM1329521,GSM1329522,GSM1329523,GSM1329524,GSM1329527,GSM1329528,GSM1329529,GSM1329530	Neuron	NA	Spiny	Spiny	Spiny	Gabaergic	Spiny	NA	Spiny	Spiny	TRUE	TRUE	SpinyDrd1	Drd1a+ Medium Spiny Neurons	Striatum	TRUE	TRUE	Striatum	46-80	80	TRAP			GPL1261	Heiman et al 2014	24599591	TRUE	NA		
GSM1185170	35	GSM1185170,GSM1185171,GSM1185172,GSM1185173,GSM1185174,GSM1185175,GSM1185176	Neuron	NA	Spiny	Spiny	Spiny	Gabaergic	Spiny	NA	Spiny	Spiny	TRUE	TRUE	SpinyDrd1	Drd1a+ Medium Spiny Neurons	Striatum	TRUE	TRUE	Striatum	81-210	180	TRAP			GPL1261	Tan et al 2013	24311694	TRUE	NA		
GSM1185171	35	GSM1185170,GSM1185171,GSM1185172,GSM1185173,GSM1185174,GSM1185175,GSM1185176	Neuron	NA	Spiny	Spiny	Spiny	Gabaergic	Spiny	NA	Spiny	Spiny	TRUE	TRUE	SpinyDrd1	Drd1a+ Medium Spiny Neurons	Striatum	TRUE	TRUE	Striatum	81-210	180	TRAP			GPL1261	Tan et al 2013	24311694	TRUE	NA		
GSM1185172	35	GSM1185170,GSM1185171,GSM1185172,GSM1185173,GSM1185174,GSM1185175,GSM1185176	Neuron	NA	Spiny	Spiny	Spiny	Gabaergic	Spiny	NA	Spiny	Spiny	TRUE	TRUE	SpinyDrd1	Drd1a+ Medium Spiny Neurons	Striatum	TRUE	TRUE	Striatum	81-210	180	TRAP			GPL1261	Tan et al 2013	24311694	TRUE	NA		
GSM1185173	35	GSM1185170,GSM1185171,GSM1185172,GSM1185173,GSM1185174,GSM1185175,GSM1185176	Neuron	NA	Spiny	Spiny	Spiny	Gabaergic	Spiny	NA	Spiny	Spiny	TRUE	TRUE	SpinyDrd1	Drd1a+ Medium Spiny Neurons	Striatum	TRUE	TRUE	Striatum	81-210	180	TRAP			GPL1261	Tan et al 2013	24311694	TRUE	NA		
GSM1185174	35	GSM1185170,GSM1185171,GSM1185172,GSM1185173,GSM1185174,GSM1185175,GSM1185176	Neuron	NA	Spiny	Spiny	Spiny	Gabaergic	Spiny	NA	Spiny	Spiny	TRUE	TRUE	SpinyDrd1	Drd1a+ Medium Spiny Neurons	Striatum	TRUE	TRUE	Striatum	81-210	180	TRAP			GPL1261	Tan et al 2013	24311694	TRUE	NA		
GSM1185175	35	GSM1185170,GSM1185171,GSM1185172,GSM1185173,GSM1185174,GSM1185175,GSM1185176	Neuron	NA	Spiny	Spiny	Spiny	Gabaergic	Spiny	NA	Spiny	Spiny	TRUE	TRUE	SpinyDrd1	Drd1a+ Medium Spiny Neurons	Striatum	TRUE	TRUE	Striatum	81-210	180	TRAP			GPL1261	Tan et al 2013	24311694	TRUE	NA		
GSM1185176	35	GSM1185170,GSM1185171,GSM1185172,GSM1185173,GSM1185174,GSM1185175,GSM1185176	Neuron	NA	Spiny	Spiny	Spiny	Gabaergic	Spiny	NA	Spiny	Spiny	TRUE	TRUE	SpinyDrd1	Drd1a+ Medium Spiny Neurons	Striatum	TRUE	TRUE	Striatum	81-210	180	TRAP			GPL1261	Tan et al 2013	24311694	TRUE	NA		
GSM1329477	36	GSM1329477,GSM1329478,GSM1329479,GSM1329485,GSM1329486,GSM1329488,GSM1329489,GSM1329490,GSM1329491,GSM1329492	Neuron	NA	Spiny	Spiny	Spiny	Gabaergic	Spiny	NA	Spiny	Spiny	TRUE	TRUE	SpinyDrd2	Drd2+ Medium Spiny Neurons	Striatum	TRUE	TRUE	Striatum	46-80	80	TRAP			GPL1261	Heiman et al 2014	24599591	TRUE	NA		
GSM1329478	36	GSM1329477,GSM1329478,GSM1329479,GSM1329485,GSM1329486,GSM1329488,GSM1329489,GSM1329490,GSM1329491,GSM1329492	Neuron	NA	Spiny	Spiny	Spiny	Gabaergic	Spiny	NA	Spiny	Spiny	TRUE	TRUE	SpinyDrd2	Drd2+ Medium Spiny Neurons	Striatum	TRUE	TRUE	Striatum	46-80	80	TRAP			GPL1261	Heiman et al 2014	24599591	TRUE	NA		
GSM1329479	36	GSM1329477,GSM1329478,GSM1329479,GSM1329485,GSM1329486,GSM1329488,GSM1329489,GSM1329490,GSM1329491,GSM1329492	Neuron	NA	Spiny	Spiny	Spiny	Gabaergic	Spiny	NA	Spiny	Spiny	TRUE	TRUE	SpinyDrd2	Drd2+ Medium Spiny Neurons	Striatum	TRUE	TRUE	Striatum	46-80	80	TRAP			GPL1261	Heiman et al 2014	24599591	TRUE	NA		
GSM1329485	36	GSM1329477,GSM1329478,GSM1329479,GSM1329485,GSM1329486,GSM1329488,GSM1329489,GSM1329490,GSM1329491,GSM1329492	Neuron	NA	Spiny	Spiny	Spiny	Gabaergic	Spiny	NA	Spiny	Spiny	TRUE	TRUE	SpinyDrd2	Drd2+ Medium Spiny Neurons	Striatum	TRUE	TRUE	Striatum	46-80	80	TRAP			GPL1261	Heiman et al 2014	24599591	TRUE	NA		
GSM1329486	36	GSM1329477,GSM1329478,GSM1329479,GSM1329485,GSM1329486,GSM1329488,GSM1329489,GSM1329490,GSM1329491,GSM1329492	Neuron	NA	Spiny	Spiny	Spiny	Gabaergic	Spiny	NA	Spiny	Spiny	TRUE	TRUE	SpinyDrd2	Drd2+ Medium Spiny Neurons	Striatum	TRUE	TRUE	Striatum	46-80	80	TRAP			GPL1261	Heiman et al 2014	24599591	TRUE	NA		
GSM1329488	36	GSM1329477,GSM1329478,GSM1329479,GSM1329485,GSM1329486,GSM1329488,GSM1329489,GSM1329490,GSM1329491,GSM1329492	Neuron	NA	Spiny	Spiny	Spiny	Gabaergic	Spiny	NA	Spiny	Spiny	TRUE	TRUE	SpinyDrd2	Drd2+ Medium Spiny Neurons	Striatum	TRUE	TRUE	Striatum	46-80	80	TRAP			GPL1261	Heiman et al 2014	24599591	TRUE	NA		
GSM1329489	36	GSM1329477,GSM1329478,GSM1329479,GSM1329485,GSM1329486,GSM1329488,GSM1329489,GSM1329490,GSM1329491,GSM1329492	Neuron	NA	Spiny	Spiny	Spiny	Gabaergic	Spiny	NA	Spiny	Spiny	TRUE	TRUE	SpinyDrd2	Drd2+ Medium Spiny Neurons	Striatum	TRUE	TRUE	Striatum	46-80	80	TRAP			GPL1261	Heiman et al 2014	24599591	TRUE	NA		
GSM1329490	36	GSM1329477,GSM1329478,GSM1329479,GSM1329485,GSM1329486,GSM1329488,GSM1329489,GSM1329490,GSM1329491,GSM1329492	Neuron	NA	Spiny	Spiny	Spiny	Gabaergic	Spiny	NA	Spiny	Spiny	TRUE	TRUE	SpinyDrd2	Drd2+ Medium Spiny Neurons	Striatum	TRUE	TRUE	Striatum	46-80	80	TRAP			GPL1261	Heiman et al 2014	24599591	TRUE	NA		
GSM1329491	36	GSM1329477,GSM1329478,GSM1329479,GSM1329485,GSM1329486,GSM1329488,GSM1329489,GSM1329490,GSM1329491,GSM1329492	Neuron	NA	Spiny	Spiny	Spiny	Gabaergic	Spiny	NA	Spiny	Spiny	TRUE	TRUE	SpinyDrd2	Drd2+ Medium Spiny Neurons	Striatum	TRUE	TRUE	Striatum	46-80	80	TRAP			GPL1261	Heiman et al 2014	24599591	TRUE	NA		
GSM1329492	36	GSM1329477,GSM1329478,GSM1329479,GSM1329485,GSM1329486,GSM1329488,GSM1329489,GSM1329490,GSM1329491,GSM1329492	Neuron	NA	Spiny	Spiny	Spiny	Gabaergic	Spiny	NA	Spiny	Spiny	TRUE	TRUE	SpinyDrd2	Drd2+ Medium Spiny Neurons	Striatum	TRUE	TRUE	Striatum	46-80	80	TRAP			GPL1261	Heiman et al 2014	24599591	TRUE	NA		
GSM1321400	37	GSM1321400,GSM1321402,GSM1321405	Neuron	NA	Spiny	Spiny	Spiny	Gabaergic	Spiny	NA	Spiny	Spiny	TRUE	TRUE	SpinyDrd2	Drd2+ Medium Spiny Neurons	Striatum	TRUE	TRUE	Striatum	81-210	105	TRAP			GPL1261	Maze et al 2014	24584053	TRUE	NA		
GSM1321402	37	GSM1321400,GSM1321402,GSM1321405	Neuron	NA	Spiny	Spiny	Spiny	Gabaergic	Spiny	NA	Spiny	Spiny	TRUE	TRUE	SpinyDrd2	Drd2+ Medium Spiny Neurons	Striatum	TRUE	TRUE	Striatum	81-210	105	TRAP			GPL1261	Maze et al 2014	24584053	TRUE	NA		
GSM1321405	37	GSM1321400,GSM1321402,GSM1321405	Neuron	NA	Spiny	Spiny	Spiny	Gabaergic	Spiny	NA	Spiny	Spiny	TRUE	TRUE	SpinyDrd2	Drd2+ Medium Spiny Neurons	Striatum	TRUE	TRUE	Striatum	81-210	105	TRAP			GPL1261	Maze et al 2014	24584053	TRUE	NA		
GSM874480	38	GSM874480,GSM874481,GSM874482	Neuron	Pyramidal_Glt_25d2	Pyramidal	Pyramidal_Glt_25d2	Pyramidal_Glt_25d2	Pyramidal	Pyramidal_Glt_25d2	NA	Pyramidal	Pyramidal	TRUE	TRUE	Pyramidal_Glt_25d2	Glt25d2 positive pyramidal cells	Cortex	TRUE	TRUE	L5b corticopontine	46-80	60	TRAP			GPL1261	Schmidt et al 2012	22632977	TRUE	They look terrible but we kept them		
GSM874481	38	GSM874480,GSM874481,GSM874482	Neuron	Pyramidal_Glt_25d2	Pyramidal	Pyramidal_Glt_25d2	Pyramidal_Glt_25d2	Pyramidal	Pyramidal_Glt_25d2	NA	Pyramidal	Pyramidal	TRUE	TRUE	Pyramidal_Glt_25d2	Glt25d2 positive pyramidal cells	Cortex	TRUE	TRUE	L5b corticopontine	46-80	60	TRAP			GPL1261	Schmidt et al 2012	22632977	TRUE	They look terrible but we kept them		
GSM874482	38	GSM874480,GSM874481,GSM874482	Neuron	Pyramidal_Glt_25d2	Pyramidal	Pyramidal_Glt_25d2	Pyramidal_Glt_25d2	Pyramidal	Pyramidal_Glt_25d2	NA	Pyramidal	Pyramidal	TRUE	TRUE	Pyramidal_Glt_25d2	Glt25d2 positive pyramidal cells	Cortex	TRUE	TRUE	L5b corticopontine	46-80	60	TRAP			GPL1261	Schmidt et al 2012	22632977	TRUE	They look terrible but we kept them		
GSM465760	39	GSM465760,GSM465761	Neuron	NA	NA	NA	NA	NA	NA	NA	NA	NA	TRUE	TRUE	Pyramidal_S100a10	hGFAP and Prominin 1+ (neural stem)	Subependymal	TRUE	TRUE	sub ependymal zone	46-80	56	FACS			GPL1261	Beckervordersandforth et al 2010	21112568	TRUE	NA		
GSM465761	39	GSM465760,GSM465761	Neuron	NA	NA	NA	NA	NA	NA	NA	NA	NA	TRUE	TRUE	Pyramidal_S100a10	hGFAP and Prominin 1+ (neural stem)	Subependymal	TRUE	TRUE	sub ependymal zone	46-80	56	FACS			GPL1261	Beckervordersandforth et al 2010	21112568	TRUE	NA		
GSM465748	40	GSM465748,GSM465749,GSM465750,GSM465751	Glia	NA	NA	NA	NA	NA	NA	NA	NA	NA	TRUE	TRUE	NA	hGFAP cells (astrocytes)	Thalamus	TRUE	TRUE	diencephalon	46-80	56	FACS			GPL1261	Beckervordersandforth et al 2010	21112568	TRUE	NA		
GSM465749	40	GSM465748,GSM465749,GSM465750,GSM465751	Glia	NA	NA	NA	NA	NA	NA	NA	NA	NA	TRUE	TRUE	NA	hGFAP cells (astrocytes)	Thalamus	TRUE	TRUE	diencephalon	46-80	56	FACS			GPL1261	Beckervordersandforth et al 2010	21112568	TRUE	NA		
GSM465750	40	GSM465748,GSM465749,GSM465750,GSM465751	Glia	NA	NA	NA	NA	NA	NA	NA	NA	NA	TRUE	TRUE	NA	hGFAP cells (astrocytes)	Thalamus	TRUE	TRUE	diencephalon	46-80	56	FACS			GPL1261	Beckervordersandforth et al 2010	21112568	TRUE	NA		
GSM465751	40	GSM465748,GSM465749,GSM465750,GSM465751	Glia	NA	NA	NA	NA	NA	NA	NA	NA	NA	TRUE	TRUE	NA	hGFAP cells (astrocytes)	Thalamus	TRUE	TRUE	diencephalon	46-80	56	FACS			GPL1261	Beckervordersandforth et al 2010	21112568	TRUE	NA		
GSM465754	41	GSM465754,GSM465755	Neuron	NA	NA	NA	NA	NA	NA	NA	NA	NA	TRUE	TRUE	Stem	hGFAP only (neural stem)	Subependymal	TRUE	TRUE	sub ependymal zone	46-80	56	FACS			GPL1261	Beckervordersandforth et al 2010	21112568	TRUE	NA		
GSM465755	41	GSM465754,GSM465755	Neuron	NA	NA	NA	NA	NA	NA	NA	NA	NA	TRUE	TRUE	Stem	hGFAP only (neural stem)	Subependymal	TRUE	TRUE	sub ependymal zone	46-80	56	FACS			GPL1261	Beckervordersandforth et al 2010	21112568	TRUE	NA		
GSM947326	42	GSM947326,GSM947327,GSM947328,GSM947329	Neuron	NA	Hypocretinergic	Hypocretinergic	Hypocretinergic	Hypocretinergic	Hypocretinergic	NA	Hypocretinergic	Hypocretinergic	TRUE	TRUE	Hypocretinergic	hypocretinergic neurons	Thalamus	TRUE	TRUE	thalamus and hypothalamus (basically lateral hypothalamus)	46-80	63	TRAP			GPL1261	Dalal et al 2013	23431030	TRUE	NA		
GSM947327	42	GSM947326,GSM947327,GSM947328,GSM947329	Neuron	NA	Hypocretinergic	Hypocretinergic	Hypocretinergic	Hypocretinergic	Hypocretinergic	NA	Hypocretinergic	Hypocretinergic	TRUE	TRUE	Hypocretinergic	hypocretinergic neurons	Thalamus	TRUE	TRUE	thalamus and hypothalamus (basically lateral hypothalamus)	46-80	63	TRAP			GPL1261	Dalal et al 2013	23431030	TRUE	NA		
GSM947328	42	GSM947326,GSM947327,GSM947328,GSM947329	Neuron	NA	Hypocretinergic	Hypocretinergic	Hypocretinergic	Hypocretinergic	Hypocretinergic	NA	Hypocretinergic	Hypocretinergic	TRUE	TRUE	Hypocretinergic	hypocretinergic neurons	Thalamus	TRUE	TRUE	thalamus and hypothalamus (basically lateral hypothalamus)	46-80	63	TRAP			GPL1261	Dalal et al 2013	23431030	TRUE	NA		
GSM947329	42	GSM947326,GSM947327,GSM947328,GSM947329	Neuron	NA	Hypocretinergic	Hypocretinergic	Hypocretinergic	Hypocretinergic	Hypocretinergic	NA	Hypocretinergic	Hypocretinergic	TRUE	TRUE	Hypocretinergic	hypocretinergic neurons	Thalamus	TRUE	TRUE	thalamus and hypothalamus (basically lateral hypothalamus)	46-80	63	TRAP			GPL1261	Dalal et al 2013	23431030	TRUE	NA		
GSM742912	43	GSM742912,GSM742913,GSM742914	Glia	NA	Oligo	Oligo	Oligo	Oligodendrocyte	Oligodendrocyte	NA	Oligo	Oligo	TRUE	TRUE	Olig2_positive	Olig2 positive cells	Cortex,All	TRUE	TRUE	cortex	81-210	90	TRAP			GPL1261	Fomchenko et al 2011	21754979	TRUE	NA		
GSM742913	43	GSM742912,GSM742913,GSM742914	Glia	NA	Oligo	Oligo	Oligo	Oligodendrocyte	Oligodendrocyte	NA	Oligo	Oligo	TRUE	TRUE	Olig2_positive	Olig2 positive cells	Cortex,All	TRUE	TRUE	cortex	81-210	90	TRAP			GPL1261	Fomchenko et al 2011	21754979	TRUE	NA		
GSM742914	43	GSM742912,GSM742913,GSM742914	Glia	NA	Oligo	Oligo	Oligo	Oligodendrocyte	Oligodendrocyte	NA	Oligo	Oligo	TRUE	TRUE	Olig2_positive	Olig2 positive cells	Cortex,All	TRUE	TRUE	cortex	81-210	90	TRAP			GPL1261	Fomchenko et al 2011	21754979	TRUE	NA		
GSM1176624	44	Awake GSM1176624,GSM1176625,GSM1176626,GSM1176627,GSM1176628,GSM1176629	Glia	NA	Oligo	Oligo	Oligo	Oligodendrocyte	Oligodendrocyte	NA	Oligo	Oligo	TRUE	TRUE	OligMix	Oligodendrocytes	Cerebellum	TRUE	TRUE	Cerebellum	46-80	66	TRAP			GPL1261	Bellesi et al 2013	24005282	TRUE	NA		
GSM1176625	44	Awake GSM1176624,GSM1176625,GSM1176626,GSM1176627,GSM1176628,GSM1176629	Glia	NA	Oligo	Oligo	Oligo	Oligodendrocyte	Oligodendrocyte	NA	Oligo	Oligo	TRUE	TRUE	OligMix	Oligodendrocytes	Cerebellum	TRUE	TRUE	Cerebellum	46-80	66	TRAP			GPL1261	Bellesi et al 2013	24005282	TRUE	NA		
GSM1176626	44	Awake GSM1176624,GSM1176625,GSM1176626,GSM1176627,GSM1176628,GSM1176629	Glia	NA	Oligo	Oligo	Oligo	Oligodendrocyte	Oligodendrocyte	NA	Oligo	Oligo	TRUE	TRUE	OligMix	Oligodendrocytes	Cerebellum	TRUE	TRUE	Cerebellum	46-80	66	TRAP			GPL1261	Bellesi et al 2013	24005282	TRUE	NA		
GSM1176627	44	Awake GSM1176624,GSM1176625,GSM1176626,GSM1176627,GSM1176628,GSM1176629	Glia	NA	Oligo	Oligo	Oligo	Oligodendrocyte	Oligodendrocyte	NA	Oligo	Oligo	TRUE	TRUE	OligMix	Oligodendrocytes	Cerebellum	TRUE	TRUE	Cerebellum	46-80	66	TRAP			GPL1261	Bellesi et al 2013	24005282	TRUE	NA		
GSM1176628	44	Awake GSM1176624,GSM1176625,GSM1176626,GSM1176627,GSM1176628,GSM1176629	Glia	NA	Oligo	Oligo	Oligo	Oligodendrocyte	Oligodendrocyte	NA	Oligo	Oligo	TRUE	TRUE	OligMix	Oligodendrocytes	Cerebellum	TRUE	TRUE	Cerebellum	46-80	66	TRAP			GPL1261	Bellesi et al 2013	24005282	TRUE	NA		
GSM1176629	44	Awake GSM1176624,GSM1176625,GSM1176626,GSM1176627,GSM1176628,GSM1176629	Glia	NA	Oligo	Oligo	Oligo	Oligodendrocyte	Oligodendrocyte	NA	Oligo	Oligo	TRUE	TRUE	OligMix	Oligodendrocytes	Cerebellum	TRUE	TRUE	Cerebellum	46-80	66	TRAP			GPL1261	Bellesi et al 2013	24005282	TRUE	NA		
GSM465756	45	GSM465756,GSM465757,GSM465758,GSM465759	Neuron	NA	NA	NA	NA	NA	NA	NA	NA	NA	TRUE	TRUE	Stem	Prominin 1+ only (neural stem cells)	Subependymal	TRUE	TRUE	sub ependymal zone	46-80	56	FACS			GPL1261	Beckervordersandforth et al 2010	21112568	TRUE	NA		
GSM465757	45	GSM465756,GSM465757,GSM465758,GSM465759	Neuron	NA	NA	NA	NA	NA	NA	NA	NA	NA	TRUE	TRUE	Stem	Prominin 1+ only (neural stem cells)	Subependymal	TRUE	TRUE	sub ependymal zone	46-80	56	FACS			GPL1261	Beckervordersandforth et al 2010	21112568	TRUE	NA		
GSM465758	45	GSM465756,GSM465757,GSM465758,GSM465759	Neuron	NA	NA	NA	NA	NA	NA	NA	NA	NA	TRUE	TRUE	Stem	Prominin 1+ only (neural stem cells)	Subependymal	TRUE	TRUE	sub ependymal zone	46-80	56	FACS			GPL1261	Beckervordersandforth et al 2010	21112568	TRUE	NA		
GSM465759	45	GSM465756,GSM465757,GSM465758,GSM465759	Neuron	NA	NA	NA	NA	NA	NA	NA	NA	NA	TRUE	TRUE	Stem	Prominin 1+ only (neural stem cells)	Subependymal	TRUE	TRUE	sub ependymal zone	46-80	56	FACS			GPL1261	Beckervordersandforth et al 2010	21112568	TRUE	NA		
GSM909413	46	GSM909413,GSM909414,GSM909415	Neuron	NA	NA	NA	NA	NA	NA	NA	NA	NA	TRUE	TRUE	NA	Purkinje Cells	Cerebellum	TRUE	TRUE	Cerebellum	NA	3	Manual	Arcturus PicoPure	MessageAmp II aRNA amplification	GPL1261	Paul et al 2012	22754500	TRUE	shreejoy wanted them		
GSM909414	46	GSM909413,GSM909414,GSM909415	Neuron	NA	NA	NA	NA	NA	NA	NA	NA	NA	TRUE	TRUE	NA	Purkinje Cells	Cerebellum	TRUE	TRUE	Cerebellum	NA	3	Manual	Arcturus PicoPure	MessageAmp II aRNA amplification	GPL1261	Paul et al 2012	22754500	TRUE	shreejoy wanted them		
GSM909415	46	GSM909413,GSM909414,GSM909415	Neuron	NA	NA	NA	NA	NA	NA	NA	NA	NA	TRUE	TRUE	NA	Purkinje Cells	Cerebellum	TRUE	TRUE	Cerebellum	NA	3	Manual	Arcturus PicoPure	MessageAmp II aRNA amplification	GPL1261	Paul et al 2012	22754500	TRUE	shreejoy wanted them		
GSM909416	47	GSM909416,GSM909417,GSM909418	Neuron	NA	NA	NA	NA	NA	NA	NA	NA	NA	TRUE	TRUE	NA	Purkinje Cells	Cerebellum	TRUE	TRUE	Cerebellum	NA	7	Manual	Arcturus PicoPure	MessageAmp II aRNA amplification	GPL1261	Paul et al 2012	22754500	TRUE	shreejoy wanted them		
GSM909417	47	GSM909416,GSM909417,GSM909418	Neuron	NA	NA	NA	NA	NA	NA	NA	NA	NA	TRUE	TRUE	NA	Purkinje Cells	Cerebellum	TRUE	TRUE	Cerebellum	NA	7	Manual	Arcturus PicoPure	MessageAmp II aRNA amplification	GPL1261	Paul et al 2012	22754500	TRUE	shreejoy wanted them		
GSM909418	47	GSM909416,GSM909417,GSM909418	Neuron	NA	NA	NA	NA	NA	NA	NA	NA	NA	TRUE	TRUE	NA	Purkinje Cells	Cerebellum	TRUE	TRUE	Cerebellum	NA	7	Manual	Arcturus PicoPure	MessageAmp II aRNA amplification	GPL1261	Paul et al 2012	22754500	TRUE	shreejoy wanted them		
GSM909419	48	GSM909419,GSM909420,GSM909421	Neuron	NA	Purkinje	Purkinje	Purkinje	Gabaergic	Purkinje	NA	Purkinje	Purkinje	TRUE	TRUE	Purkinje	Purkinje Cells	Cerebellum	TRUE	TRUE	Cerebellum	14-35	14	Manual	Arcturus PicoPure	MessageAmp II aRNA amplification	GPL1261	Paul et al 2012	22754500	TRUE	NA		
GSM909420	48	GSM909419,GSM909420,GSM909421	Neuron	NA	Purkinje	Purkinje	Purkinje	Gabaergic	Purkinje	NA	Purkinje	Purkinje	TRUE	TRUE	Purkinje	Purkinje Cells	Cerebellum	TRUE	TRUE	Cerebellum	14-35	14	Manual	Arcturus PicoPure	MessageAmp II aRNA amplification	GPL1261	Paul et al 2012	22754500	TRUE	NA		
GSM909421	48	GSM909419,GSM909420,GSM909421	Neuron	NA	Purkinje	Purkinje	Purkinje	Gabaergic	Purkinje	NA	Purkinje	Purkinje	TRUE	TRUE	Purkinje	Purkinje Cells	Cerebellum	TRUE	TRUE	Cerebellum	14-35	14	Manual	Arcturus PicoPure	MessageAmp II aRNA amplification	GPL1261	Paul et al 2012	22754500	TRUE	NA		
GSM909422	49	GSM909422,GSM909423,GSM909424,GSM909425	Neuron	NA	Purkinje	Purkinje	Purkinje	Gabaergic	Purkinje	NA	Purkinje	Purkinje	TRUE	TRUE	Purkinje	Purkinje Cells	Cerebellum	TRUE	TRUE	Cerebellum	14-35	21	Manual	Arcturus PicoPure	MessageAmp II aRNA amplification	GPL1261	Paul et al 2012	22754500	TRUE	NA		
GSM909423	49	GSM909422,GSM909423,GSM909424,GSM909425	Neuron	NA	Purkinje	Purkinje	Purkinje	Gabaergic	Purkinje	NA	Purkinje	Purkinje	TRUE	TRUE	Purkinje	Purkinje Cells	Cerebellum	TRUE	TRUE	Cerebellum	14-35	21	Manual	Arcturus PicoPure	MessageAmp II aRNA amplification	GPL1261	Paul et al 2012	22754500	TRUE	NA		
GSM909424	49	GSM909422,GSM909423,GSM909424,GSM909425	Neuron	NA	Purkinje	Purkinje	Purkinje	Gabaergic	Purkinje	NA	Purkinje	Purkinje	TRUE	TRUE	Purkinje	Purkinje Cells	Cerebellum	TRUE	TRUE	Cerebellum	14-35	21	Manual	Arcturus PicoPure	MessageAmp II aRNA amplification	GPL1261	Paul et al 2012	22754500	TRUE	NA		
GSM909425	49	GSM909422,GSM909423,GSM909424,GSM909425	Neuron	NA	Purkinje	Purkinje	Purkinje	Gabaergic	Purkinje	NA	Purkinje	Purkinje	TRUE	TRUE	Purkinje	Purkinje Cells	Cerebellum	TRUE	TRUE	Cerebellum	14-35	21	Manual	Arcturus PicoPure	MessageAmp II aRNA amplification	GPL1261	Paul et al 2012	22754500	TRUE	NA		
GSM909426	50	GSM909426,GSM909427,GSM909428,GSM909429	Neuron	NA	Purkinje	Purkinje	Purkinje	Gabaergic	Purkinje	NA	Purkinje	Purkinje	TRUE	TRUE	Purkinje	Purkinje Cells	Cerebellum	TRUE	TRUE	Cerebellum	14-35	28	Manual	Arcturus PicoPure	MessageAmp II aRNA amplification	GPL1261	Paul et al 2012	22754500	TRUE	NA		
GSM909427	50	GSM909426,GSM909427,GSM909428,GSM909429	Neuron	NA	Purkinje	Purkinje	Purkinje	Gabaergic	Purkinje	NA	Purkinje	Purkinje	TRUE	TRUE	Purkinje	Purkinje Cells	Cerebellum	TRUE	TRUE	Cerebellum	14-35	28	Manual	Arcturus PicoPure	MessageAmp II aRNA amplification	GPL1261	Paul et al 2012	22754500	TRUE	NA		
GSM909428	50	GSM909426,GSM909427,GSM909428,GSM909429	Neuron	NA	Purkinje	Purkinje	Purkinje	Gabaergic	Purkinje	NA	Purkinje	Purkinje	TRUE	TRUE	Purkinje	Purkinje Cells	Cerebellum	TRUE	TRUE	Cerebellum	14-35	28	Manual	Arcturus PicoPure	MessageAmp II aRNA amplification	GPL1261	Paul et al 2012	22754500	TRUE	NA		
GSM909429	50	GSM909426,GSM909427,GSM909428,GSM909429	Neuron	NA	Purkinje	Purkinje	Purkinje	Gabaergic	Purkinje	NA	Purkinje	Purkinje	TRUE	TRUE	Purkinje	Purkinje Cells	Cerebellum	TRUE	TRUE	Cerebellum	14-35	28	Manual	Arcturus PicoPure	MessageAmp II aRNA amplification	GPL1261	Paul et al 2012	22754500	TRUE	NA		
GSM909430	51	GSM909430,GSM909431,GSM909432,GSM909433	Neuron	NA	Purkinje	Purkinje	Purkinje	Gabaergic	Purkinje	NA	Purkinje	Purkinje	TRUE	TRUE	Purkinje	Purkinje Cells	Cerebellum	TRUE	TRUE	Cerebellum	14-35	35	Manual	Arcturus PicoPure	MessageAmp II aRNA amplification	GPL1261	Paul et al 2012	22754500	TRUE	NA		
GSM909431	51	GSM909430,GSM909431,GSM909432,GSM909433	Neuron	NA	Purkinje	Purkinje	Purkinje	Gabaergic	Purkinje	NA	Purkinje	Purkinje	TRUE	TRUE	Purkinje	Purkinje Cells	Cerebellum	TRUE	TRUE	Cerebellum	14-35	35	Manual	Arcturus PicoPure	MessageAmp II aRNA amplification	GPL1261	Paul et al 2012	22754500	TRUE	NA		
GSM909432	51	GSM909430,GSM909431,GSM909432,GSM909433	Neuron	NA	Purkinje	Purkinje	Purkinje	Gabaergic	Purkinje	NA	Purkinje	Purkinje	TRUE	TRUE	Purkinje	Purkinje Cells	Cerebellum	TRUE	TRUE	Cerebellum	14-35	35	Manual	Arcturus PicoPure	MessageAmp II aRNA amplification	GPL1261	Paul et al 2012	22754500	TRUE	NA		
GSM909433	51	GSM909430,GSM909431,GSM909432,GSM909433	Neuron	NA	Purkinje	Purkinje	Purkinje	Gabaergic	Purkinje	NA	Purkinje	Purkinje	TRUE	TRUE	Purkinje	Purkinje Cells	Cerebellum	TRUE	TRUE	Cerebellum	14-35	35	Manual	Arcturus PicoPure	MessageAmp II aRNA amplification	GPL1261	Paul et al 2012	22754500	TRUE	NA		
GSM909434	52	GSM909434,GSM909435,GSM909436,GSM909437	Neuron	NA	Purkinje	Purkinje	Purkinje	Gabaergic	Purkinje	NA	Purkinje	Purkinje	TRUE	TRUE	Purkinje	Purkinje Cells	Cerebellum	TRUE	TRUE	Cerebellum	46-80	56	Manual	Arcturus PicoPure	MessageAmp II aRNA amplification	GPL1261	Paul et al 2012	22754500	TRUE	NA		
GSM909435	52	GSM909434,GSM909435,GSM909436,GSM909437	Neuron	NA	Purkinje	Purkinje	Purkinje	Gabaergic	Purkinje	NA	Purkinje	Purkinje	TRUE	TRUE	Purkinje	Purkinje Cells	Cerebellum	TRUE	TRUE	Cerebellum	46-80	56	Manual	Arcturus PicoPure	MessageAmp II aRNA amplification	GPL1261	Paul et al 2012	22754500	TRUE	NA		
GSM909436	52	GSM909434,GSM909435,GSM909436,GSM909437	Neuron	NA	Purkinje	Purkinje	Purkinje	Gabaergic	Purkinje	NA	Purkinje	Purkinje	TRUE	TRUE	Purkinje	Purkinje Cells	Cerebellum	TRUE	TRUE	Cerebellum	46-80	56	Manual	Arcturus PicoPure	MessageAmp II aRNA amplification	GPL1261	Paul et al 2012	22754500	TRUE	NA		
GSM909437	52	GSM909434,GSM909435,GSM909436,GSM909437	Neuron	NA	Purkinje	Purkinje	Purkinje	Gabaergic	Purkinje	NA	Purkinje	Purkinje	TRUE	TRUE	Purkinje	Purkinje Cells	Cerebellum	TRUE	TRUE	Cerebellum	46-80	56	Manual	Arcturus PicoPure	MessageAmp II aRNA amplification	GPL1261	Paul et al 2012	22754500	TRUE	NA		
GSM1373408	53	GSM1373408,GSM1373409,GSM1373410	Neuron	NA	Purkinje	Purkinje	Purkinje	Gabaergic	Purkinje	NA	Purkinje	Purkinje	TRUE	TRUE	Purkinje	Purkinje Cells	Cerebellum	TRUE	TRUE	Cerebellum	14-35	28	TRAP			GPL1261	Galloway et al 2014	24986919	TRUE	NA		
GSM1373409	53	GSM1373408,GSM1373409,GSM1373410	Neuron	NA	Purkinje	Purkinje	Purkinje	Gabaergic	Purkinje	NA	Purkinje	Purkinje	TRUE	TRUE	Purkinje	Purkinje Cells	Cerebellum	TRUE	TRUE	Cerebellum	14-35	28	TRAP			GPL1261	Galloway et al 2014	24986919	TRUE	NA		
GSM1373410	53	GSM1373408,GSM1373409,GSM1373410	Neuron	NA	Purkinje	Purkinje	Purkinje	Gabaergic	Purkinje	NA	Purkinje	Purkinje	TRUE	TRUE	Purkinje	Purkinje Cells	Cerebellum	TRUE	TRUE	Cerebellum	14-35	28	TRAP			GPL1261	Galloway et al 2014	24986919	TRUE	NA		
GSM1373414	54	GSM1373414,GSM1373415,GSM1373416	Neuron	NA	Purkinje	Purkinje	Purkinje	Gabaergic	Purkinje	NA	Purkinje	Purkinje	TRUE	TRUE	Purkinje	Purkinje Cells	Cerebellum	TRUE	TRUE	Cerebellum	46-80	56	TRAP			GPL1261	Galloway et al 2014	24986919	TRUE	NA		
GSM1373415	54	GSM1373414,GSM1373415,GSM1373416	Neuron	NA	Purkinje	Purkinje	Purkinje	Gabaergic	Purkinje	NA	Purkinje	Purkinje	TRUE	TRUE	Purkinje	Purkinje Cells	Cerebellum	TRUE	TRUE	Cerebellum	46-80	56	TRAP			GPL1261	Galloway et al 2014	24986919	TRUE	NA		
GSM1373416	54	GSM1373414,GSM1373415,GSM1373416	Neuron	NA	Purkinje	Purkinje	Purkinje	Gabaergic	Purkinje	NA	Purkinje	Purkinje	TRUE	TRUE	Purkinje	Purkinje Cells	Cerebellum	TRUE	TRUE	Cerebellum	46-80	56	TRAP			GPL1261	Galloway et al 2014	24986919	TRUE	NA		
GSM1373399	55	GSM1373399,GSM1373400,GSM1373401	Neuron	NA	Purkinje	Purkinje	Purkinje	Gabaergic	Purkinje	NA	Purkinje	Purkinje	TRUE	TRUE	Purkinje	Purkinje Cells	Cerebellum	TRUE	TRUE	Cerebellum	81-210	84	TRAP			GPL1261	Galloway et al 2014	24986919	TRUE	NA		
GSM1373400	55	GSM1373399,GSM1373400,GSM1373401	Neuron	NA	Purkinje	Purkinje	Purkinje	Gabaergic	Purkinje	NA	Purkinje	Purkinje	TRUE	TRUE	Purkinje	Purkinje Cells	Cerebellum	TRUE	TRUE	Cerebellum	81-210	84	TRAP			GPL1261	Galloway et al 2014	24986919	TRUE	NA		
GSM1373401	55	GSM1373399,GSM1373400,GSM1373401	Neuron	NA	Purkinje	Purkinje	Purkinje	Gabaergic	Purkinje	NA	Purkinje	Purkinje	TRUE	TRUE	Purkinje	Purkinje Cells	Cerebellum	TRUE	TRUE	Cerebellum	81-210	84	TRAP			GPL1261	Galloway et al 2014	24986919	TRUE	NA		
GSM874416	56	GSM874416,GSM874418,GSM874420	Neuron	Pyramidal_S100a10	Pyramidal	Pyramidal_S100a10	Pyramidal_S100a10	Pyramidal	Pyramidal_S100a10	NA	Pyramidal	Pyramidal	TRUE	TRUE	Pyramidal_S100a10	S100a10 positive pyramidal cells	Cortex	TRUE	TRUE	L5a corticostriatal	46-80	60	TRAP			GPL1261	Schmidt et al 2012	22632977	TRUE	They look terrible but we kept them		
GSM874418	56	GSM874416,GSM874418,GSM874420	Neuron	Pyramidal_S100a10	Pyramidal	Pyramidal_S100a10	Pyramidal_S100a10	Pyramidal	Pyramidal_S100a10	NA	Pyramidal	Pyramidal	TRUE	TRUE	Pyramidal_S100a10	S100a10 positive pyramidal cells	Cortex	TRUE	TRUE	L5a corticostriatal	46-80	60	TRAP			GPL1261	Schmidt et al 2012	22632977	TRUE	They look terrible but we kept them		
GSM874420	56	GSM874416,GSM874418,GSM874420	Neuron	Pyramidal_S100a10	Pyramidal	Pyramidal_S100a10	Pyramidal_S100a10	Pyramidal	Pyramidal_S100a10	NA	Pyramidal	Pyramidal	TRUE	TRUE	Pyramidal_S100a10	S100a10 positive pyramidal cells	Cortex	TRUE	TRUE	L5a corticostriatal	46-80	60	TRAP			GPL1261	Schmidt et al 2012	22632977	TRUE	They look terrible but we kept them		
GSM880683	57	GSM880683,GSM880684,GSM880685	Neuron	NA	Serotonergic	Serotonergic	Serotonergic	Monoamine	Serotonergic	NA	Serotonergic	Serotonergic	TRUE	TRUE	Serotonergic	Serotonergic Neurons	Brainstem	FALSE	TRUE	Midbrain and brainstem	46-80	63	TRAP			GPL1261	Dougherty et al 2013	23407934	TRUE	NA		
GSM880684	57	GSM880683,GSM880684,GSM880685	Neuron	NA	Serotonergic	Serotonergic	Serotonergic	Monoamine	Serotonergic	NA	Serotonergic	Serotonergic	TRUE	TRUE	Serotonergic	Serotonergic Neurons	Brainstem	FALSE	TRUE	Midbrain and brainstem	46-80	63	TRAP			GPL1261	Dougherty et al 2013	23407934	TRUE	NA		
GSM880685	57	GSM880683,GSM880684,GSM880685	Neuron	NA	Serotonergic	Serotonergic	Serotonergic	Monoamine	Serotonergic	NA	Serotonergic	Serotonergic	TRUE	TRUE	Serotonergic	Serotonergic Neurons	Brainstem	FALSE	TRUE	Midbrain and brainstem	46-80	63	TRAP			GPL1261	Dougherty et al 2013	23407934	TRUE	NA		
GSM909438	58	GSM909438,GSM909439,GSM909440,GSM909441	Neuron	NA	Basket	Basket	Basket	Gabaergic	Basket	NA	Basket	Basket	TRUE	TRUE	Basket	Stellate Basket Cells	Cerebellum	TRUE	TRUE	Cerebellum	14-35	14	Manual	Arcturus PicoPure	MessageAmp II aRNA amplification	GPL1261	Paul et al 2012	22754500	TRUE	NA		
GSM909439	58	GSM909438,GSM909439,GSM909440,GSM909441	Neuron	NA	Basket	Basket	Basket	Gabaergic	Basket	NA	Basket	Basket	TRUE	TRUE	Basket	Stellate Basket Cells	Cerebellum	TRUE	TRUE	Cerebellum	14-35	14	Manual	Arcturus PicoPure	MessageAmp II aRNA amplification	GPL1261	Paul et al 2012	22754500	TRUE	NA		
GSM909440	58	GSM909438,GSM909439,GSM909440,GSM909441	Neuron	NA	Basket	Basket	Basket	Gabaergic	Basket	NA	Basket	Basket	TRUE	TRUE	Basket	Stellate Basket Cells	Cerebellum	TRUE	TRUE	Cerebellum	14-35	14	Manual	Arcturus PicoPure	MessageAmp II aRNA amplification	GPL1261	Paul et al 2012	22754500	TRUE	NA		
GSM909441	58	GSM909438,GSM909439,GSM909440,GSM909441	Neuron	NA	Basket	Basket	Basket	Gabaergic	Basket	NA	Basket	Basket	TRUE	TRUE	Basket	Stellate Basket Cells	Cerebellum	TRUE	TRUE	Cerebellum	14-35	14	Manual	Arcturus PicoPure	MessageAmp II aRNA amplification	GPL1261	Paul et al 2012	22754500	TRUE	NA		
GSM909442	59	GSM909442,GSM909443,GSM909444	Neuron	NA	Basket	Basket	Basket	Gabaergic	Basket	NA	Basket	Basket	TRUE	TRUE	Basket	Stellate Basket Cells	Cerebellum	TRUE	TRUE	Cerebellum	14-35	21	Manual	Arcturus PicoPure	MessageAmp II aRNA amplification	GPL1261	Paul et al 2012	22754500	TRUE	NA		
GSM909443	59	GSM909442,GSM909443,GSM909444	Neuron	NA	Basket	Basket	Basket	Gabaergic	Basket	NA	Basket	Basket	TRUE	TRUE	Basket	Stellate Basket Cells	Cerebellum	TRUE	TRUE	Cerebellum	14-35	21	Manual	Arcturus PicoPure	MessageAmp II aRNA amplification	GPL1261	Paul et al 2012	22754500	TRUE	NA		
GSM909444	59	GSM909442,GSM909443,GSM909444	Neuron	NA	Basket	Basket	Basket	Gabaergic	Basket	NA	Basket	Basket	TRUE	TRUE	Basket	Stellate Basket Cells	Cerebellum	TRUE	TRUE	Cerebellum	14-35	21	Manual	Arcturus PicoPure	MessageAmp II aRNA amplification	GPL1261	Paul et al 2012	22754500	TRUE	NA		
GSM909445	60	GSM909445,GSM909446,GSM909447,GSM909448	Neuron	NA	Basket	Basket	Basket	Gabaergic	Basket	NA	Basket	Basket	TRUE	TRUE	Basket	Stellate Basket Cells	Cerebellum	TRUE	TRUE	Cerebellum	14-35	28	Manual	Arcturus PicoPure	MessageAmp II aRNA amplification	GPL1261	Paul et al 2012	22754500	TRUE	NA		
GSM909446	60	GSM909445,GSM909446,GSM909447,GSM909448	Neuron	NA	Basket	Basket	Basket	Gabaergic	Basket	NA	Basket	Basket	TRUE	TRUE	Basket	Stellate Basket Cells	Cerebellum	TRUE	TRUE	Cerebellum	14-35	28	Manual	Arcturus PicoPure	MessageAmp II aRNA amplification	GPL1261	Paul et al 2012	22754500	TRUE	NA		
GSM909447	60	GSM909445,GSM909446,GSM909447,GSM909448	Neuron	NA	Basket	Basket	Basket	Gabaergic	Basket	NA	Basket	Basket	TRUE	TRUE	Basket	Stellate Basket Cells	Cerebellum	TRUE	TRUE	Cerebellum	14-35	28	Manual	Arcturus PicoPure	MessageAmp II aRNA amplification	GPL1261	Paul et al 2012	22754500	TRUE	NA		
GSM909448	60	GSM909445,GSM909446,GSM909447,GSM909448	Neuron	NA	Basket	Basket	Basket	Gabaergic	Basket	NA	Basket	Basket	TRUE	TRUE	Basket	Stellate Basket Cells	Cerebellum	TRUE	TRUE	Cerebellum	14-35	28	Manual	Arcturus PicoPure	MessageAmp II aRNA amplification	GPL1261	Paul et al 2012	22754500	TRUE	NA		
GSM909449	61	GSM909449,GSM909450,GSM909451	Neuron	NA	Basket	Basket	Basket	Gabaergic	Basket	NA	Basket	Basket	TRUE	TRUE	Basket	Stellate Basket Cells	Cerebellum	TRUE	TRUE	Cerebellum	14-35	35	Manual	Arcturus PicoPure	MessageAmp II aRNA amplification	GPL1261	Paul et al 2012	22754500	TRUE	NA		
GSM909450	61	GSM909449,GSM909450,GSM909451	Neuron	NA	Basket	Basket	Basket	Gabaergic	Basket	NA	Basket	Basket	TRUE	TRUE	Basket	Stellate Basket Cells	Cerebellum	TRUE	TRUE	Cerebellum	14-35	35	Manual	Arcturus PicoPure	MessageAmp II aRNA amplification	GPL1261	Paul et al 2012	22754500	TRUE	NA		
GSM909451	61	GSM909449,GSM909450,GSM909451	Neuron	NA	Basket	Basket	Basket	Gabaergic	Basket	NA	Basket	Basket	TRUE	TRUE	Basket	Stellate Basket Cells	Cerebellum	TRUE	TRUE	Cerebellum	14-35	35	Manual	Arcturus PicoPure	MessageAmp II aRNA amplification	GPL1261	Paul et al 2012	22754500	TRUE	NA		
GSM909452	62	GSM909452,GSM909453,GSM909454	Neuron	NA	NA	NA	NA	NA	NA	NA	NA	Basket	TRUE	TRUE	Basket	Stellate Basket Cells	Cerebellum	TRUE	TRUE	Cerebellum	46-80	56	Manual	Arcturus PicoPure	MessageAmp II aRNA amplification	GPL1261	Paul et al 2012	22754500	TRUE	Purkinje cells They are everywhere		
GSM909453	62	GSM909452,GSM909453,GSM909454	Neuron	NA	NA	NA	NA	NA	NA	NA	NA	Basket	TRUE	TRUE	Basket	Stellate Basket Cells	Cerebellum	TRUE	TRUE	Cerebellum	46-80	56	Manual	Arcturus PicoPure	MessageAmp II aRNA amplification	GPL1261	Paul et al 2012	22754500	TRUE	Purkinje cells They are everywhere		
GSM909454	62	GSM909452,GSM909453,GSM909454	Neuron	NA	NA	NA	NA	NA	NA	NA	NA	Basket	TRUE	TRUE	Basket	Stellate Basket Cells	Cerebellum	TRUE	TRUE	Cerebellum	46-80	56	Manual	Arcturus PicoPure	MessageAmp II aRNA amplification	GPL1261	Paul et al 2012	22754500	TRUE	Purkinje cells They are everywhere		
GSM866327	63	GSM866327,GSM866328,GSM866329,GSM866330	Glia	NA	Astrocyte	Astrocyte	Astrocyte	Astrocyte	Astrocyte	NA	Astrocyte	Astrocyte	TRUE	TRUE	Astrocyte	Astrocyte	Cortex,Cerebrum,Thalamus,Brainstem,SpinalCord	TRUE	TRUE	Cortex	30-35	33	FACS			GPL1261	Zamanian et al 2012	22553043	TRUE	NA		
GSM866328	63	GSM866327,GSM866328,GSM866329,GSM866330	Glia	NA	Astrocyte	Astrocyte	Astrocyte	Astrocyte	Astrocyte	NA	Astrocyte	Astrocyte	TRUE	TRUE	Astrocyte	Astrocyte	Cortex,Cerebrum,Thalamus,Brainstem,SpinalCord	TRUE	TRUE	Cortex	30-35	33	FACS			GPL1261	Zamanian et al 2012	22553043	TRUE	NA		
GSM866329	63	GSM866327,GSM866328,GSM866329,GSM866330	Glia	NA	Astrocyte	Astrocyte	Astrocyte	Astrocyte	Astrocyte	NA	Astrocyte	Astrocyte	TRUE	TRUE	Astrocyte	Astrocyte	Cortex,Cerebrum,Thalamus,Brainstem,SpinalCord	TRUE	TRUE	Cortex	30-35	33	FACS			GPL1261	Zamanian et al 2012	22553043	TRUE	NA		
GSM866330	63	GSM866327,GSM866328,GSM866329,GSM866330	Glia	NA	Astrocyte	Astrocyte	Astrocyte	Astrocyte	Astrocyte	NA	Astrocyte	Astrocyte	TRUE	TRUE	Astrocyte	Astrocyte	Cortex,Cerebrum,Thalamus,Brainstem,SpinalCord	TRUE	TRUE	Cortex	30-35	33	FACS			GPL1261	Zamanian et al 2012	22553043	TRUE	NA		
GSM1057734	64	GSM1057734,GSM1057735,GSM1057736	Neuron	NA	Cholin	Cholin	Cholin	Cholinergic	Cholinergic	NA	Cholin	Cholin	TRUE	TRUE	Cholin	Cholin	Thalamus	TRUE	TRUE	Medial Habenula (epithalamus)	42-84	63	TRAP			GPL1261	G??rlich et al 2013	24082085	TRUE	NA		
GSM1057735	64	GSM1057734,GSM1057735,GSM1057736	Neuron	NA	Cholin	Cholin	Cholin	Cholinergic	Cholinergic	NA	Cholin	Cholin	TRUE	TRUE	Cholin	Cholin	Thalamus	TRUE	TRUE	Medial Habenula (epithalamus)	42-84	63	TRAP			GPL1261	G??rlich et al 2013	24082085	TRUE	NA		
GSM1057736	64	GSM1057734,GSM1057735,GSM1057736	Neuron	NA	Cholin	Cholin	Cholin	Cholinergic	Cholinergic	NA	Cholin	Cholin	TRUE	TRUE	Cholin	Cholin	Thalamus	TRUE	TRUE	Medial Habenula (epithalamus)	42-84	63	TRAP			GPL1261	G??rlich et al 2013	24082085	TRUE	NA		
GSM1372757	65	GSM1372757,GSM1372758,GSM1372759	Neuron	NA	NA	NA	NA	Gabaergic	GabaOxtr	NA	NA	NA	TRUE	TRUE	GabaOxtr	Oxtr cells, cortex	Cortex	TRUE	TRUE	Cortex	46-80	Adult	TRAP			GPL1261	Nakanima et. Al 2014	25303526	TRUE	Looks suspiciously pyramidal		
GSM1372758	65	GSM1372757,GSM1372758,GSM1372759	Neuron	NA	NA	NA	NA	Gabaergic	GabaOxtr	NA	NA	NA	TRUE	TRUE	GabaOxtr	Oxtr cells, cortex	Cortex	TRUE	TRUE	Cortex	46-80	Adult	TRAP			GPL1261	Nakanima et. Al 2014	25303526	TRUE	Looks suspiciously pyramidal		
GSM1372759	65	GSM1372757,GSM1372758,GSM1372759	Neuron	NA	NA	NA	NA	Gabaergic	GabaOxtr	NA	NA	NA	TRUE	TRUE	GabaOxtr	Oxtr cells, cortex	Cortex	TRUE	TRUE	Cortex	46-80	Adult	TRAP			GPL1261	Nakanima et. Al 2014	25303526	TRUE	Looks suspiciously pyramidal		
GSM1372754	66	GSM1372754,GSM1372755,GSM1372756	Neuron	NA	NA	NA	NA	Gabaergic	GabaHtr3a	NA	NA	NA	TRUE	TRUE	GabaHtr3a	Htr3a cells, cortex	Cortex	TRUE	TRUE	Cortex	46-80	Adult	TRAP			GPL1261	Nakanima et. Al 2014	25303526	TRUE	Need to check where they fit		
GSM1372755	66	GSM1372754,GSM1372755,GSM1372756	Neuron	NA	NA	NA	NA	Gabaergic	GabaHtr3a	NA	NA	NA	TRUE	TRUE	GabaHtr3a	Htr3a cells, cortex	Cortex	TRUE	TRUE	Cortex	46-80	Adult	TRAP			GPL1261	Nakanima et. Al 2014	25303526	TRUE	Need to check where they fit		
GSM1372756	66	GSM1372754,GSM1372755,GSM1372756	Neuron	NA	NA	NA	NA	Gabaergic	GabaHtr3a	NA	NA	NA	TRUE	TRUE	GabaHtr3a	Htr3a cells, cortex	Cortex	TRUE	TRUE	Cortex	46-80	Adult	TRAP			GPL1261	Nakanima et. Al 2014	25303526	TRUE	Need to check where they fit		
GSM442554	67	A_corticospinal_P3:GSM442554,GSM442555,GSM442556	Neuron	NA	NA	NA	NA	NA	NA	NA	Pyramidal	Pyramidal	TRUE	TRUE	PyramidalCorticospineMC	Pyramidal Neurons, Callosally projecting, P3	Cortex	TRUE	TRUE	Cortex	NA	3	FACS	NA	NA	GPL1261	Arlotta et al., 2005	15664173	TRUE	Re-check the citation later, shreejoy wanted them		
GSM442555	67	A_corticospinal_P3:GSM442554,GSM442555,GSM442556	Neuron	NA	NA	NA	NA	NA	NA	NA	Pyramidal	Pyramidal	TRUE	TRUE	PyramidalCorticospineMC	Pyramidal Neurons, Callosally projecting, P3	Cortex	TRUE	TRUE	Cortex	NA	3	FACS	NA	NA	GPL1261	Arlotta et al., 2005	15664173	TRUE	Re-check the citation later, shreejoy wanted them		
GSM442556	67	A_corticospinal_P3:GSM442554,GSM442555,GSM442556	Neuron	NA	NA	NA	NA	NA	NA	NA	Pyramidal	Pyramidal	TRUE	TRUE	PyramidalCorticospineMC	Pyramidal Neurons, Callosally projecting, P3	Cortex	TRUE	TRUE	Cortex	NA	3	FACS	NA	NA	GPL1261	Arlotta et al., 2005	15664173	TRUE	Re-check the citation later, shreejoy wanted them		
GSM442557	68	A_corticospinal_P6:GSM442557,GSM442558	Neuron	NA	NA	NA	NA	NA	NA	NA	Pyramidal	Pyramidal	TRUE	TRUE	PyramidalCorticospineMC	Pyramidal Neurons, Callosally projecting, P6	Cortex	TRUE	TRUE	Cortex	NA	6	FACS			GPL1261	Arlotta et al., 2005	15664173	TRUE	Re-check the citation later, shreejoy wanted them		
GSM442558	68	A_corticospinal_P6:GSM442557,GSM442558	Neuron	NA	NA	NA	NA	NA	NA	NA	Pyramidal	Pyramidal	TRUE	TRUE	PyramidalCorticospineMC	Pyramidal Neurons, Callosally projecting, P6	Cortex	TRUE	TRUE	Cortex	NA	6	FACS			GPL1261	Arlotta et al., 2005	15664173	TRUE	Re-check the citation later, shreejoy wanted them		
GSM874512	69	GSM874512, GSM874514,GSM874516	Neuron	NA	NA	NA	NA	NA	NA	NA	NA	NA	TRUE	TRUE	Pyramidal_S100a10_veh	S100a10 pyramidal VEH Treated	Cortex	TRUE	TRUE	Cortex	46-80	60	TRAP			GPL1261	Schmidt et al 2012	22632977	TRUE	Added to check. Not to use for gene selection		
GSM874514	69	GSM874512, GSM874514,GSM874516	Neuron	NA	NA	NA	NA	NA	NA	NA	NA	NA	TRUE	TRUE	Pyramidal_S100a10_veh	S100a10 pyramidal VEH Treated	Cortex	TRUE	TRUE	Cortex	46-80	60	TRAP			GPL1261	Schmidt et al 2012	22632977	TRUE	Added to check. Not to use for gene selection		
GSM874516	69	GSM874512, GSM874514,GSM874516	Neuron	NA	NA	NA	NA	NA	NA	NA	NA	NA	TRUE	TRUE	Pyramidal_S100a10_veh	S100a10 pyramidal VEH Treated	Cortex	TRUE	TRUE	Cortex	46-80	60	TRAP			GPL1261	Schmidt et al 2012	22632977	TRUE	Added to check. Not to use for gene selection		
GSM874527	70	GSM874527,GSM874529,GSM874531	Neuron	NA	NA	NA	NA	NA	NA	NA	NA	NA	TRUE	TRUE	Pyramidal_Glt25d2_flx	Glt25d2 pyramidal VEH Treated	Cortex	TRUE	TRUE	Cortex	46-80	60	TRAP			GPL1261	Schmidt et al 2012	22632977	TRUE	Added to check. Not to use for gene selection		
GSM874529	70	GSM874527,GSM874529,GSM874531	Neuron	NA	NA	NA	NA	NA	NA	NA	NA	NA	TRUE	TRUE	Pyramidal_Glt25d2_flx	Glt25d2 pyramidal VEH Treated	Cortex	TRUE	TRUE	Cortex	46-80	60	TRAP			GPL1261	Schmidt et al 2012	22632977	TRUE	Added to check. Not to use for gene selection		
GSM874531	70	GSM874527,GSM874529,GSM874531	Neuron	NA	NA	NA	NA	NA	NA	NA	NA	NA	TRUE	TRUE	Pyramidal_Glt25d2_flx	Glt25d2 pyramidal VEH Treated	Cortex	TRUE	TRUE	Cortex	46-80	60	TRAP			GPL1261	Schmidt et al 2012	22632977	TRUE	Added to check. Not to use for gene selection		
GSM874511	71	GSM874511,GSM874513,GSM874515	Neuron	NA	NA	NA	NA	NA	NA	NA	NA	NA	TRUE	TRUE	Pyramidal_S100a10_flx	S100a10 pyramidal FLX Treated	Cortex	TRUE	TRUE	Cortex	46-80	60	TRAP			GPL1261	Schmidt et al 2012	22632977	TRUE	Added to check. Not to use for gene selection		
GSM874513	71	GSM874511,GSM874513,GSM874515	Neuron	NA	NA	NA	NA	NA	NA	NA	NA	NA	TRUE	TRUE	Pyramidal_S100a10_flx	S100a10 pyramidal FLX Treated	Cortex	TRUE	TRUE	Cortex	46-80	60	TRAP			GPL1261	Schmidt et al 2012	22632977	TRUE	Added to check. Not to use for gene selection		
GSM874515	71	GSM874511,GSM874513,GSM874515	Neuron	NA	NA	NA	NA	NA	NA	NA	NA	NA	TRUE	TRUE	Pyramidal_S100a10_flx	S100a10 pyramidal FLX Treated	Cortex	TRUE	TRUE	Cortex	46-80	60	TRAP			GPL1261	Schmidt et al 2012	22632977	TRUE	Added to check. Not to use for gene selection		
GSM874526	72	GSM874526,GSM874528,GSM874530	Neuron	NA	NA	NA	NA	NA	NA	NA	NA	NA	TRUE	TRUE	Pyramidal_Glt25d2_flx	Glt25d2 pyramidal FLX Treated	Cortex	TRUE	TRUE	Cortex	46-80	60	TRAP			GPL1261	Schmidt et al 2012	22632977	TRUE	Added to check. Not to use for gene selection		
GSM874528	72	GSM874526,GSM874528,GSM874530	Neuron	NA	NA	NA	NA	NA	NA	NA	NA	NA	TRUE	TRUE	Pyramidal_Glt25d2_flx	Glt25d2 pyramidal FLX Treated	Cortex	TRUE	TRUE	Cortex	46-80	60	TRAP			GPL1261	Schmidt et al 2012	22632977	TRUE	Added to check. Not to use for gene selection		
GSM874530	72	GSM874526,GSM874528,GSM874530	Neuron	NA	NA	NA	NA	NA	NA	NA	NA	NA	TRUE	TRUE	Pyramidal_Glt25d2_flx	Glt25d2 pyramidal FLX Treated	Cortex	TRUE	TRUE	Cortex	46-80	60	TRAP			GPL1261	Schmidt et al 2012	22632977	TRUE	Added to check. Not to use for gene selection		
GSM215865	73	GSM215865,GSM215866,GSM215867	Neuron	Layer5Pyra	Pyramidal	Layer5Pyra	Layer5Pyra	Pyramidal	Layer5Pyra	NA	Pyramidal	Pyramidal	TRUE	FALSE	PyramidalLayer5	Pyramidal L5 thick tufted	Cortex	TRUE	TRUE	L5 MC (thick tufted)		38	Manual			GPL1261	Sugino et al. 2014	25232122	TRUE	Somehow they are same with Sugino unpublished S_yrt_wt:v2_yrt2-wt,v2_yrt2-wt1,v2_yrt3-wt,v2_yrt6-wt		
GSM215866	73	GSM215865,GSM215866,GSM215867	Neuron	Layer5Pyra	Pyramidal	Layer5Pyra	Layer5Pyra	Pyramidal	Layer5Pyra	NA	Pyramidal	Pyramidal	TRUE	FALSE	PyramidalLayer5	Pyramidal L5 thick tufted	Cortex	TRUE	TRUE	L5 MC (thick tufted)		38	Manual			GPL1261	Sugino et al. 2014	25232122	TRUE	Somehow they are same with Sugino unpublished S_yrt_wt:v2_yrt2-wt,v2_yrt2-wt1,v2_yrt3-wt,v2_yrt6-wt		
GSM215867	73	GSM215865,GSM215866,GSM215867	Neuron	Layer5Pyra	Pyramidal	Layer5Pyra	Layer5Pyra	Pyramidal	Layer5Pyra	NA	Pyramidal	Pyramidal	TRUE	FALSE	PyramidalLayer5	Pyramidal L5 thick tufted	Cortex	TRUE	TRUE	L5 MC (thick tufted)		38	Manual			GPL1261	Sugino et al. 2014	25232122	TRUE	Somehow they are same with Sugino unpublished S_yrt_wt:v2_yrt2-wt,v2_yrt2-wt1,v2_yrt3-wt,v2_yrt6-wt		
GSM215857	74	GSM215857,GSM215858,GSM215859,GSM215860	Neuron	NA	GabaPV	GabaPV	GabaPV	Gabaergic	FS Basket (G42)	NA	GabaPV	Gabaergic	TRUE	TRUE	GabaPV	GabaPV from G42 line	Cortex	TRUE	TRUE	Motor cortex		38	Manual			GPL1261	Sugino et al. 2014	25232122	TRUE	Same as Okaty 2009.	G42	Gad1
GSM215858	74	GSM215857,GSM215858,GSM215859,GSM215860	Neuron	NA	GabaPV	GabaPV	GabaPV	Gabaergic	FS Basket (G42)	NA	GabaPV	Gabaergic	TRUE	TRUE	GabaPV	GabaPV from G42 line	Cortex	TRUE	TRUE	Motor cortex		38	Manual			GPL1261	Sugino et al. 2014	25232122	TRUE	Same as Okaty 2009.	G42	Gad1
GSM215859	74	GSM215857,GSM215858,GSM215859,GSM215860	Neuron	NA	GabaPV	GabaPV	GabaPV	Gabaergic	FS Basket (G42)	NA	GabaPV	Gabaergic	TRUE	TRUE	GabaPV	GabaPV from G42 line	Cortex	TRUE	TRUE	Motor cortex		38	Manual			GPL1261	Sugino et al. 2014	25232122	TRUE	Same as Okaty 2009.	G42	Gad1
GSM215860	74	GSM215857,GSM215858,GSM215859,GSM215860	Neuron	NA	GabaPV	GabaPV	GabaPV	Gabaergic	FS Basket (G42)	NA	GabaPV	Gabaergic	TRUE	TRUE	GabaPV	GabaPV from G42 line	Cortex	TRUE	TRUE	Motor cortex		38	Manual			GPL1261	Sugino et al. 2014	25232122	TRUE	Same as Okaty 2009.	G42	Gad1
GSM215871	75	GSM215871,GSM215872,GSM215873	Neuron	NA	Th_positive_LC	Th_positive_LC	Th_positive_LC	Noradrenergic	Th_positive_LC	NA	Th_positive_LC	Th_positive_LC	TRUE	TRUE	Th_positive_LC	Tyrosine Hydroxylase Expressing	LocusCereuleus	TRUE	TRUE	LocusCereuleus		39	Manual			GPL1261	Sugino et al. 2014	25232122	TRUE			
GSM215872	75	GSM215871,GSM215872,GSM215873	Neuron	NA	Th_positive_LC	Th_positive_LC	Th_positive_LC	Noradrenergic	Th_positive_LC	NA	Th_positive_LC	Th_positive_LC	TRUE	TRUE	Th_positive_LC	Tyrosine Hydroxylase Expressing	LocusCereuleus	TRUE	TRUE	LocusCereuleus		39	Manual			GPL1261	Sugino et al. 2014	25232122	TRUE			
GSM215873	75	GSM215871,GSM215872,GSM215873	Neuron	NA	Th_positive_LC	Th_positive_LC	Th_positive_LC	Noradrenergic	Th_positive_LC	NA	Th_positive_LC	Th_positive_LC	TRUE	TRUE	Th_positive_LC	Tyrosine Hydroxylase Expressing	LocusCereuleus	TRUE	TRUE	LocusCereuleus		39	Manual			GPL1261	Sugino et al. 2014	25232122	TRUE			
GSM444379	76	GSM444379,GSM444380,GSM444381	Neuron	NA	Purkinje	Purkinje	Purkinje	Gabaergic	Purkinje	NA	Purkinje	Purkinje	TRUE	TRUE	Purkinje	Purkinje Cells from G42	Cerebellum	TRUE	TRUE	Cerebellum		38	Manual			GPL1261	Sugino et al. 2014	25232122	TRUE			
GSM444380	76	GSM444379,GSM444380,GSM444381	Neuron	NA	Purkinje	Purkinje	Purkinje	Gabaergic	Purkinje	NA	Purkinje	Purkinje	TRUE	TRUE	Purkinje	Purkinje Cells from G42	Cerebellum	TRUE	TRUE	Cerebellum		38	Manual			GPL1261	Sugino et al. 2014	25232122	TRUE			
GSM444381	76	GSM444379,GSM444380,GSM444381	Neuron	NA	Purkinje	Purkinje	Purkinje	Gabaergic	Purkinje	NA	Purkinje	Purkinje	TRUE	TRUE	Purkinje	Purkinje Cells from G42	Cerebellum	TRUE	TRUE	Cerebellum		38	Manual			GPL1261	Sugino et al. 2014	25232122	TRUE			
GSM1464137	77	GSM1464137,GSM1464138,GSM1464139	Neuron	NA	Th_positive_LC	Th_positive_LC	Th_positive_LC	Noradrenergic	Th_positive_LC	NA	Th_positive_LC	Th_positive_LC	TRUE	TRUE	Th_positive_LC	Tyrosine Hydroxylase Expressing young	LocusCereuleus	TRUE	TRUE	LocusCereuleus		23	Manual			GPL1261	Sugino et al. 2014	25232122	TRUE			
GSM1464138	77	GSM1464137,GSM1464138,GSM1464139	Neuron	NA	Th_positive_LC	Th_positive_LC	Th_positive_LC	Noradrenergic	Th_positive_LC	NA	Th_positive_LC	Th_positive_LC	TRUE	TRUE	Th_positive_LC	Tyrosine Hydroxylase Expressing young	LocusCereuleus	TRUE	TRUE	LocusCereuleus		23	Manual			GPL1261	Sugino et al. 2014	25232122	TRUE			
GSM1464139	77	GSM1464137,GSM1464138,GSM1464139	Neuron	NA	Th_positive_LC	Th_positive_LC	Th_positive_LC	Noradrenergic	Th_positive_LC	NA	Th_positive_LC	Th_positive_LC	TRUE	TRUE	Th_positive_LC	Tyrosine Hydroxylase Expressing young	LocusCereuleus	TRUE	TRUE	LocusCereuleus		23	Manual			GPL1261	Sugino et al. 2014	25232122	TRUE			
GSM437382	78	GSM437382,GSM437383,GSM437384	Neuron	NA	Dopaminergic	Dopaminergic	PhaniDopa	Monoamine	Dopaminergic	NA	Dopaminergic	Dopaminergic	TRUE	TRUE	A9Dopaminergic	A9 Dopaminergic Neurons	Brainstem	FALSE	TRUE	Substantia Nigra		Adult	LCM			GPL1261	Phani et al. 2015	20462502	TRUE			
GSM437383	78	GSM437382,GSM437383,GSM437384	Neuron	NA	Dopaminergic	Dopaminergic	PhaniDopa	Monoamine	Dopaminergic	NA	Dopaminergic	Dopaminergic	TRUE	TRUE	A9Dopaminergic	A9 Dopaminergic Neurons	Brainstem	FALSE	TRUE	Substantia Nigra		Adult	LCM			GPL1261	Phani et al. 2015	20462502	TRUE			
GSM437384	78	GSM437382,GSM437383,GSM437384	Neuron	NA	Dopaminergic	Dopaminergic	PhaniDopa	Monoamine	Dopaminergic	NA	Dopaminergic	Dopaminergic	TRUE	TRUE	A9Dopaminergic	A9 Dopaminergic Neurons	Brainstem	FALSE	TRUE	Substantia Nigra		Adult	LCM			GPL1261	Phani et al. 2015	20462502	TRUE			
GSM437391	79	GSM437391,GSM437392,GSM437393	Neuron	NA	Dopaminergic	Dopaminergic	PhaniDopa	Monoamine	Dopaminergic	NA	Dopaminergic	Dopaminergic	TRUE	TRUE	A10Dopaminergic	A10 Dopaminergic Neurons	Brainstem	FALSE	TRUE	ventral midbrain tagmentum		Adult	LCM			GPL1261	Phani et al. 2015	20462502	TRUE			
GSM437392	79	GSM437391,GSM437392,GSM437393	Neuron	NA	Dopaminergic	Dopaminergic	PhaniDopa	Monoamine	Dopaminergic	NA	Dopaminergic	Dopaminergic	TRUE	TRUE	A10Dopaminergic	A10 Dopaminergic Neurons	Brainstem	FALSE	TRUE	ventral midbrain tagmentum		Adult	LCM			GPL1261	Phani et al. 2015	20462502	TRUE			
GSM437393	79	GSM437391,GSM437392,GSM437393	Neuron	NA	Dopaminergic	Dopaminergic	PhaniDopa	Monoamine	Dopaminergic	NA	Dopaminergic	Dopaminergic	TRUE	TRUE	A10Dopaminergic	A10 Dopaminergic Neurons	Brainstem	FALSE	TRUE	ventral midbrain tagmentum		Adult	LCM			GPL1261	Phani et al. 2015	20462502	TRUE			
GSM1698217	80	GSM1698217,GSM1698218,GSM1698219	Neuron	NA	NA	NA	NA	NA	NA	NA	NA	Pyramidal	TRUE	TRUE	Ntf3 pyramidal	Ntf3 pyramidal	Cortex	TRUE	TRUE		56-70	63	TRAP			GPL1261	Shrestha et al. 2015	26371510	TRUE	shreejoy wanted them		
GSM1698218	80	GSM1698217,GSM1698218,GSM1698219	Neuron	NA	NA	NA	NA	NA	NA	NA	NA	Pyramidal	TRUE	TRUE	Ntf3 pyramidal	Ntf3 pyramidal	Cortex	TRUE	TRUE		56-70	63	TRAP			GPL1261	Shrestha et al. 2015	26371510	TRUE	shreejoy wanted them		
GSM1698219	80	GSM1698217,GSM1698218,GSM1698219	Neuron	NA	NA	NA	NA	NA	NA	NA	NA	Pyramidal	TRUE	TRUE	Ntf3 pyramidal	Ntf3 pyramidal	Cortex	TRUE	TRUE		56-70	63	TRAP			GPL1261	Shrestha et al. 2015	26371510	TRUE	shreejoy wanted them		
GSM1698225	81	GSM1698225,GSM1698226,GSM1698227	Neuron	NA	NA	NA	NA	NA	NA	NA	NA	Gabaergic	TRUE	TRUE	Ntsr1 pyramidal	Ntsr1 pyramidal	Cortex	TRUE	TRUE		56-70	63	TRAP			GPL1261	Shrestha et al. 2015	26371510	TRUE	shreejoy wanted them		
GSM1698226	81	GSM1698225,GSM1698226,GSM1698227	Neuron	NA	NA	NA	NA	NA	NA	NA	NA	Gabaergic	TRUE	TRUE	Ntsr1 pyramidal	Ntsr1 pyramidal	Cortex	TRUE	TRUE		56-70	63	TRAP			GPL1261	Shrestha et al. 2015	26371510	TRUE	shreejoy wanted them		
GSM1698227	81	GSM1698225,GSM1698226,GSM1698227	Neuron	NA	NA	NA	NA	NA	NA	NA	NA	Gabaergic	TRUE	TRUE	Ntsr1 pyramidal	Ntsr1 pyramidal	Cortex	TRUE	TRUE		56-70	63	TRAP			GPL1261	Shrestha et al. 2015	26371510	TRUE	shreejoy wanted them		
GSM1698228	82	GSM1698228,GSM1698229,GSM1698230	Neuron	NA	NA	NA	NA	NA	NA	NA	NA	Gabaergic	TRUE	TRUE	Dlx1 gabaergic	Dlx1 gabaergic	Cortex	TRUE	TRUE		56-70	63	TRAP			GPL1261	Shrestha et al. 2015	26371510	TRUE	shreejoy wanted them		
GSM1698229	82	GSM1698228,GSM1698229,GSM1698230	Neuron	NA	NA	NA	NA	NA	NA	NA	NA	Gabaergic	TRUE	TRUE	Dlx1 gabaergic	Dlx1 gabaergic	Cortex	TRUE	TRUE		56-70	63	TRAP			GPL1261	Shrestha et al. 2015	26371510	TRUE	shreejoy wanted them		
GSM1698230	82	GSM1698228,GSM1698229,GSM1698230	Neuron	NA	NA	NA	NA	NA	NA	NA	NA	Gabaergic	TRUE	TRUE	Dlx1 gabaergic	Dlx1 gabaergic	Cortex	TRUE	TRUE		56-70	63	TRAP			GPL1261	Shrestha et al. 2015	26371510	TRUE	shreejoy wanted them		
GSM1698231	83	GSM1698231,GSM1698232,GSM1698233	Neuron	NA	NA	NA	NA	NA	NA	NA	NA	Gabaergic	TRUE	TRUE	Nek7 Gabaergic	Nek7 Gabaergic	Cortex	TRUE	TRUE		56-70	63	TRAP			GPL1261	Shrestha et al. 2015	26371510	TRUE	shreejoy wanted them		
GSM1698232	83	GSM1698231,GSM1698232,GSM1698233	Neuron	NA	NA	NA	NA	NA	NA	NA	NA	Gabaergic	TRUE	TRUE	Nek7 Gabaergic	Nek7 Gabaergic	Cortex	TRUE	TRUE		56-70	63	TRAP			GPL1261	Shrestha et al. 2015	26371510	TRUE	shreejoy wanted them		
GSM1698233	83	GSM1698231,GSM1698232,GSM1698233	Neuron	NA	NA	NA	NA	NA	NA	NA	NA	Gabaergic	TRUE	TRUE	Nek7 Gabaergic	Nek7 Gabaergic	Cortex	TRUE	TRUE		56-70	63	TRAP			GPL1261	Shrestha et al. 2015	26371510	TRUE	shreejoy wanted them		
GSM1698237	84	GSM1698237,GSM1698238,GSM1698239	Glia	NA	NA	NA	NA	NA	NA	NA	NA	Oligo	TRUE	TRUE	Olig2 oligo	Olig2 oligo	Cortex	TRUE	TRUE		56-70	63	TRAP			GPL1261	Shrestha et al. 2015	26371510	TRUE	shreejoy wanted them		
GSM1698238	84	GSM1698237,GSM1698238,GSM1698239	Glia	NA	NA	NA	NA	NA	NA	NA	NA	Oligo	TRUE	TRUE	Olig2 oligo	Olig2 oligo	Cortex	TRUE	TRUE		56-70	63	TRAP			GPL1261	Shrestha et al. 2015	26371510	TRUE	shreejoy wanted them		
GSM1698239	84	GSM1698237,GSM1698238,GSM1698239	Glia	NA	NA	NA	NA	NA	NA	NA	NA	Oligo	TRUE	TRUE	Olig2 oligo	Olig2 oligo	Cortex	TRUE	TRUE		56-70	63	TRAP			GPL1261	Shrestha et al. 2015	26371510	TRUE	shreejoy wanted them		
GSM1698234	85	GSM1698234,GSM1698235,GSM1698236	Glia	NA	NA	NA	NA	NA	NA	NA	NA	Astrocyte	TRUE	TRUE	Aldh1l1 astrocyte	Aldh1l1 astrocyte	Cortex	TRUE	TRUE		56-70	63	TRAP			GPL1261	Shrestha et al. 2015	26371510	TRUE	shreejoy wanted them		
GSM1698235	85	GSM1698234,GSM1698235,GSM1698236	Glia	NA	NA	NA	NA	NA	NA	NA	NA	Astrocyte	TRUE	TRUE	Aldh1l1 astrocyte	Aldh1l1 astrocyte	Cortex	TRUE	TRUE		56-70	63	TRAP			GPL1261	Shrestha et al. 2015	26371510	TRUE	shreejoy wanted them		
GSM1698236	85	GSM1698234,GSM1698235,GSM1698236	Glia	NA	NA	NA	NA	NA	NA	NA	NA	Astrocyte	TRUE	TRUE	Aldh1l1 astrocyte	Aldh1l1 astrocyte	Cortex	TRUE	TRUE		56-70	63	TRAP			GPL1261	Shrestha et al. 2015	26371510	TRUE	shreejoy wanted them		
GSM1698222	86	GSM1698222,GSM1698223,GSM1698224	Neuron	NA	NA	NA	NA	NA	NA	NA	NA	Pyramidal	TRUE	TRUE	S100a10 pyramidal	S100a10 pyramidal	Cortex	TRUE	TRUE		56-70	63	TRAP			GPL1261	Shrestha et al. 2015	26371510	TRUE	shreejoy wanted them		
GSM1698223	86	GSM1698222,GSM1698223,GSM1698224	Neuron	NA	NA	NA	NA	NA	NA	NA	NA	Pyramidal	TRUE	TRUE	S100a10 pyramidal	S100a10 pyramidal	Cortex	TRUE	TRUE		56-70	63	TRAP			GPL1261	Shrestha et al. 2015	26371510	TRUE	shreejoy wanted them		
GSM1698224	86	GSM1698222,GSM1698223,GSM1698224	Neuron	NA	NA	NA	NA	NA	NA	NA	NA	Pyramidal	TRUE	TRUE	S100a10 pyramidal	S100a10 pyramidal	Cortex	TRUE	TRUE		56-70	63	TRAP			GPL1261	Shrestha et al. 2015	26371510	TRUE	shreejoy wanted them		
GSM1698220	87	GSM1698220,GSM1698221	Neuron	NA	NA	NA	NA	NA	NA	NA	NA	Pyramidal	TRUE	TRUE	Glt25d2 pyramidal	Glt25d2 pyramidal	Cortex	TRUE	TRUE		56-70	63	TRAP			GPL1261	Shrestha et al. 2015	26371510	TRUE	shreejoy wanted them		
GSM1698221	87	GSM1698220,GSM1698221	Neuron	NA	NA	NA	NA	NA	NA	NA	NA	Pyramidal	TRUE	TRUE	Glt25d2 pyramidal	Glt25d2 pyramidal	Cortex	TRUE	TRUE		56-70	63	TRAP			GPL1261	Shrestha et al. 2015	26371510	TRUE	shreejoy wanted them		
